song,artist,first_number_one_date,weeks_at_number_one,length_sec,acousticness,decade
Poor Little Fool,Ricky Nelson,1958-08-04,2,154,67.0,1950s
Nel Blu Dipinto Di Blu,Domenico Modugno,1958-08-18,5,219,98.0,1950s
Little Star,The Elegants,1958-08-25,1,163,87.0,1950s
It's All in the Game,Tommy Edwards,1958-09-29,6,156,4.0,1950s
It's Only Make Believe,Conway Twitty,1958-11-10,2,134,86.0,1950s
Tom Dooley,The Kingston Trio,1958-11-17,1,185,83.0,1950s
To Know Him is to Love Him,The Teddy Bears,1958-12-01,3,142,89.0,1950s
The Chipmunk Song,The Chipmunks,1958-12-22,4,141,71.0,1950s
Smoke Gets in Your Eyes,The Platters,1959-01-19,3,158,93.0,1950s
Stagger Lee,Lloyd Price,1959-02-02,4,145,74.0,1950s
Venus,Frankie Avalon,1959-03-09,5,142,73.0,1950s
Come Softly to Me,The Fleetwoods,1959-04-13,4,145,93.0,1950s
The Happy Organ,"Dave ""Baby"" Cortez",1959-05-11,1,122,47.0,1950s
Kansas City,Wilbert Harrison,1959-05-18,2,145,65.0,1950s
The Battle of New Orleans,Johnny Horton,1959-06-01,6,151,80.0,1950s
Lonely Boy,Paul Anka,1959-07-13,4,151,35.0,1950s
Big Hunk o' Love,Elvis Presley,1959-08-10,2,141,82.0,1950s
The Three Bells (Les Trois Cloches),The Browns,1959-08-24,4,174,83.0,1950s
Sleep Walk,Santo & Johnny,1959-09-21,2,151,89.0,1950s
Mack the Knife,Bobby Darin,1959-10-05,9,184,76.0,1950s
Mr. Blue,The Fleetwoods,1959-11-16,1,145,93.0,1950s
Heartaches by the Number,Guy Mitchell,1959-12-14,2,155,46.0,1950s
Why,Frankie Avalon,1959-12-28,1,158,76.0,1950s
El Paso,Marty Robbins,1960-01-04,2,259,83.0,1960s
Running Bear,Johnny Preston,1960-01-18,3,158,85.0,1960s
Teen Angel,Mark Dinning,1960-02-08,2,157,94.0,1960s
Theme from A Summer Place,Percy Faith & His Orchestra,1960-02-22,9,144,63.0,1960s
Stuck on You,Elvis Presley,1960-04-25,4,140,76.0,1960s
Cathy's Clown,The Everly Brothers,1960-05-23,5,144,41.0,1960s
Everybody's Somebody's Fool,Connie Francis,1960-06-27,2,160,75.0,1960s
Alley Oop,The Hollywood Argyles,1960-07-11,1,165,77.0,1960s
I'm Sorry,Brenda Lee,1960-07-18,3,144,87.0,1960s
Itsy Bitsy Teenie Weenie Yellow Polka Dot Bikini,Brian Hyland,1960-08-08,1,144,68.0,1960s
It's Now or Never,Elvis Presley,1960-08-15,5,196,64.0,1960s
The Twist,Chubby Checker,1960-09-19,3,154,20.0,1960s
My Heart Has A Mind Of Its Own,Connie Francis,1960-09-26,2,152,71.0,1960s
Mr. Custer,Larry Verne,1960-10-10,1,185,63.0,1960s
Save the Last Dance for Me,The Drifters,1960-10-17,3,155,61.0,1960s
I Want to Be Wanted (Per Tutta La Vita),Brenda Lee,1960-10-24,1,185,59.0,1960s
Georgia on My Mind,Ray Charles,1960-11-14,1,215,78.0,1960s
Stay,Maurice Williams & the Zodiacs,1960-11-21,1,96,83.0,1960s
Are You Lonesome Tonight?,Elvis Presley,1960-11-28,6,187,92.0,1960s
Wonderland by Night,Bert Kaempfert,1961-01-09,3,194,91.0,1960s
Will You Love Me Tomorrow,The Shirelles,1961-01-30,2,162,44.0,1960s
Calcutta,Lawrence Welk,1961-02-13,2,136,59.0,1960s
Pony Time,Chubby Checker,1961-02-27,3,147,1.0,1960s
Surrender,Elvis Presley,1961-03-20,2,112,76.0,1960s
Blue Moon,The Marcels,1961-04-03,3,135,69.0,1960s
Runaway,Del Shannon,1961-04-24,4,137,15.0,1960s
Mother-in-Law,Ernie K-Doe,1961-05-22,1,154,71.0,1960s
Travelin' Man,Ricky Nelson,1961-05-29,2,143,67.0,1960s
Running Scared,Roy Orbison,1961-06-05,1,132,78.0,1960s
Moody River,Pat Boone,1961-06-19,1,154,58.0,1960s
Quarter to Three,Gary U.S. Bonds,1961-06-26,2,150,93.0,1960s
Tossin' and Turnin',Bobby Lewis,1961-07-10,7,159,22.0,1960s
Wooden Heart,Joe Dowell,1961-08-28,1,118,71.0,1960s
Michael,The Highwaymen,1961-09-04,2,165,84.0,1960s
Take Good Care of My Baby,Bobby Vee,1961-09-18,3,150,70.0,1960s
Hit the Road Jack,Ray Charles,1961-10-09,2,120,63.0,1960s
Runaround Sue,Dion,1961-10-23,2,161,45.0,1960s
Big Bad John,Jimmy Dean,1961-11-06,5,182,60.0,1960s
Please Mr. Postman,The Marvelettes,1961-12-11,1,148,72.0,1960s
The Lion Sleeps Tonight,The Tokens,1961-12-18,3,162,74.0,1960s
Peppermint Twist,Joey Dee & the Starliters,1962-01-27,3,119,35.0,1960s
Duke of Earl,Gene Chandler,1962-02-17,3,148,83.0,1960s
Hey! Baby,Bruce Channel,1962-03-10,3,142,20.0,1960s
Don't Break the Heart that Loves You,Connie Francis,1962-03-31,1,185,88.0,1960s
Johnny Angel,Shelley Fabares,1962-04-07,2,139,87.0,1960s
Good Luck Charm,Elvis Presley,1962-04-21,2,144,80.0,1960s
Soldier Boy,The Shirelles,1962-05-05,3,162,75.0,1960s
Stranger on the Shore,Mr. Acker Bilk,1962-05-26,1,172,82.0,1960s
I Can't Stop Loving You,Ray Charles,1962-06-02,5,157,81.0,1960s
The Stripper,David Rose & His Orchestra,1962-07-07,1,116,66.0,1960s
Roses are Red (My Love),Bobby Vinton,1962-07-14,4,158,83.0,1960s
Breaking Up is Hard to Do,Neil Sedaka,1962-08-11,2,139,70.0,1960s
The Loco-motion,Little Eva,1962-08-25,1,139,71.0,1960s
Sheila,Tommy Roe,1962-09-08,2,127,28.0,1960s
Sherry,Frankie Valli & the Four Seasons,1962-09-15,5,152,65.0,1960s
Monster Mash,"Bobby ""Boris"" Pickett & the Crypt-Kickers",1962-10-20,2,192,41.0,1960s
He's a Rebel,The Crystals,1962-11-03,2,151,63.0,1960s
Big Girls Don't Cry,Frankie Valli & the Four Seasons,1962-11-17,5,146,39.0,1960s
Telstar,The Tornados,1962-12-22,3,195,0.0,1960s
Go Away Little Girl,Steve Lawrence,1963-01-12,2,132,49.0,1960s
Walk Right In,The Rooftop Singers,1963-01-26,2,137,79.0,1960s
Hey Paula,Paul & Paula,1963-02-09,3,132,78.0,1960s
Walk Like a Man,Frankie Valli & the Four Seasons,1963-03-02,3,117,61.0,1960s
Our Day Will Come,Ruby & the Romantics,1963-03-23,1,154,68.0,1960s
He's So Fine,The Chiffons,1963-03-30,4,113,49.0,1960s
I Will Follow Him,Little Peggy March,1963-04-27,3,148,72.0,1960s
If You Wanna Be Happy,Jimmy Soul,1963-05-18,2,134,69.0,1960s
It's My Party,Lesley Gore,1963-06-01,2,140,35.0,1960s
Sukiyaki,Kyu Sakamoto,1963-06-15,3,182,71.0,1960s
Easier Said Than Done,The Essex,1963-07-06,2,129,49.0,1960s
Surf City,Jan & Dean,1963-07-20,2,147,50.0,1960s
So Much in Love,The Tymes,1963-08-03,1,140,82.0,1960s
Fingertips Pt. 2,Stevie Wonder,1963-08-10,3,190,53.0,1960s
My Boyfriend's Back,The Angels,1963-08-31,3,134,69.0,1960s
Blue Velvet,Bobby Vinton,1963-09-21,3,168,86.0,1960s
Sugar Shack,Jimmy Gilmer & the Fireballs,1963-10-12,5,123,22.0,1960s
Deep Purple,Nino Tempo & April Stevens,1963-11-16,1,160,88.0,1960s
I'm Leaving it Up to You,Dale & Grace,1963-11-23,2,131,81.0,1960s
Dominique,The Singing Nun,1963-12-07,4,176,73.0,1960s
There! I've Said It Again,Bobby Vinton,1964-01-04,4,145,78.0,1960s
I Want To Hold Your Hand,The Beatles,1964-02-01,7,145,39.0,1960s
She Loves You,The Beatles,1964-03-21,2,140,26.0,1960s
Can't Buy Me Love,The Beatles,1964-04-04,4,131,12.0,1960s
"Hello, Dolly!",Louis Armstrong,1964-05-09,1,147,84.0,1960s
My Guy,Mary Wells,1964-05-16,2,174,56.0,1960s
Love Me Do,The Beatles,1964-05-30,1,141,39.0,1960s
Chapel of Love,The Dixie Cups,1964-06-06,3,170,73.0,1960s
A World Without Love,Peter & Gordon,1964-06-27,1,160,23.0,1960s
I Get Around,The Beach Boys,1964-07-04,2,134,36.0,1960s
Rag Doll,Frankie Valli & the Four Seasons,1964-07-18,2,174,75.0,1960s
A Hard Day's Night,The Beatles,1964-08-01,2,154,14.0,1960s
Everybody Loves Somebody,Dean Martin,1964-08-15,1,165,86.0,1960s
Where Did Our Love Go,The Supremes,1964-08-22,2,153,75.0,1960s
House of the Rising Sun,The Animals,1964-09-05,3,179,0.0,1960s
"Oh, Pretty Woman",Roy Orbison,1964-09-26,3,178,73.0,1960s
Do Wah Diddy Diddy,Manfred Mann,1964-10-17,2,143,26.0,1960s
Baby Love,The Supremes,1964-10-31,4,158,78.0,1960s
Leader of the Pack,The Shangri-Las,1964-11-28,1,171,71.0,1960s
Ringo,Lorne Greene,1964-12-05,1,214,86.0,1960s
Mr. Lonely,Bobby Vinton,1964-12-12,1,161,82.0,1960s
Come See About Me,The Supremes,1964-12-19,1,163,73.0,1960s
I Feel Fine,The Beatles,1964-12-26,3,139,9.0,1960s
Downtown,Petula Clark,1965-01-23,2,183,78.0,1960s
You've Lost That Lovin' Feelin',The Righteous Brothers,1965-02-06,2,225,52.0,1960s
This Diamond Ring,Gary Lewis & the Playboys,1965-02-20,2,137,33.0,1960s
My Girl,The Temptations,1965-03-06,1,165,63.0,1960s
Eight Days a Week,The Beatles,1965-03-13,2,163,41.0,1960s
Stop! In the Name of Love,The Supremes,1965-03-27,2,172,62.0,1960s
I'm Telling You Now,Freddie & the Dreamers,1965-04-10,2,128,38.0,1960s
The Game of Love,Wayne Fontana & the Mindbenders,1965-04-24,1,127,9.0,1960s
"Mrs. Brown, You've Got a Lovely Daughter",Herman's Hermits,1965-05-01,3,167,75.0,1960s
Ticket to Ride,The Beatles,1965-05-22,1,189,5.0,1960s
"Help Me, Rhonda",The Beach Boys,1965-05-29,2,167,31.0,1960s
Back in My Arms Again,The Supremes,1965-06-12,1,174,14.0,1960s
I Can't Help Myself (Sugar Pie Honey Bunch),Four Tops,1965-06-19,2,163,20.0,1960s
Mr. Tambourine Man,The Byrds,1965-06-26,1,149,51.0,1960s
(I Can't Get No) Satisfaction,The Rolling Stones,1965-07-10,4,222,3.0,1960s
"I'm Henry VIII, I Am",Herman's Hermits,1965-08-07,1,110,8.0,1960s
I Got You Babe,Sonny & Cher,1965-08-14,3,193,25.0,1960s
Help!,The Beatles,1965-09-04,3,140,19.0,1960s
Eve of Destruction,Barry McGuire,1965-09-25,1,217,35.0,1960s
Hang On Sloopy,The McCoys,1965-10-02,1,182,17.0,1960s
Yesterday,The Beatles,1965-10-09,4,123,88.0,1960s
Get Off Of My Cloud,The Rolling Stones,1965-11-06,2,175,2.0,1960s
I Hear a Symphony,The Supremes,1965-11-20,2,166,45.0,1960s
Turn! Turn! Turn! (To Everything There is a Season),The Byrds,1965-12-04,3,229,14.0,1960s
Over and Over,The Dave Clark Five,1965-12-25,1,121,25.0,1960s
The Sound of Silence,Simon & Garfunkel,1966-01-01,2,185,17.0,1960s
We Can Work it Out,The Beatles,1966-01-08,3,136,6.0,1960s
My Love,Petula Clark,1966-02-05,2,164,68.0,1960s
Lightnin' Strikes,Lou Christie,1966-02-19,1,181,61.0,1960s
These Boots are Made for Walkin',Nancy Sinatra,1966-02-26,1,162,48.0,1960s
The Ballad of the Green Berets,SSgt. Barry Sadler,1966-03-05,5,166,78.0,1960s
(You're My) Soul and Inspiration,The Righteous Brothers,1966-04-09,3,180,73.0,1960s
Good Lovin',The Young Rascals,1966-04-30,1,168,0.0,1960s
"Monday, Monday",The Mamas & the Papas,1966-05-07,3,208,71.0,1960s
When a Man Loves a Woman,Percy Sledge,1966-05-28,2,174,13.0,1960s
"Paint it, Black",The Rolling Stones,1966-06-11,2,199,6.0,1960s
Paperback Writer,The Beatles,1966-06-25,2,146,15.0,1960s
Strangers in the Night,Frank Sinatra,1966-07-02,1,155,64.0,1960s
Hanky Panky,Tommy James & the Shondells,1966-07-16,2,172,41.0,1960s
Wild Thing,The Troggs,1966-07-30,2,159,67.0,1960s
Summer in the City,The Lovin' Spoonful,1966-08-13,3,161,6.0,1960s
Sunshine Superman,Donovan,1966-09-03,1,195,12.0,1960s
You Can't Hurry Love,The Supremes,1966-09-10,2,167,34.0,1960s
Cherish,The Association,1966-09-24,3,193,73.0,1960s
Reach Out I'll Be There,Four Tops,1966-10-15,2,180,3.0,1960s
96 Tears,? & the Mysterians,1966-10-29,1,186,6.0,1960s
Last Train to Clarksville,The Monkees,1966-11-05,1,166,47.0,1960s
Poor Side of Town,Johnny Rivers,1966-11-12,1,183,75.0,1960s
You Keep Me Hangin' On,The Supremes,1966-11-19,2,167,28.0,1960s
Winchester Cathedral,The New Vaudeville Band,1966-12-03,3,140,61.0,1960s
Good Vibrations,The Beach Boys,1966-12-10,1,219,33.0,1960s
I'm a Believer,The Monkees,1966-12-31,7,167,60.0,1960s
Kind of a Drag,The Buckinghams,1967-02-18,2,125,86.0,1960s
Ruby Tuesday,The Rolling Stones,1967-03-04,1,192,83.0,1960s
Love is Here and Now You're Gone,The Supremes,1967-03-11,1,167,38.0,1960s
Penny Lane,The Beatles,1967-03-18,1,183,21.0,1960s
Happy Together,The Turtles,1967-03-25,3,170,55.0,1960s
Somethin' Stupid,Frank Sinatra & Nancy Sinatra,1967-04-15,4,162,76.0,1960s
The Happening,The Supremes,1967-05-13,1,169,20.0,1960s
Groovin',The Young Rascals,1967-05-20,4,150,60.0,1960s
Respect,Aretha Franklin,1967-06-03,2,149,16.0,1960s
Windy,The Association,1967-07-01,4,173,36.0,1960s
Light My Fire,The Doors,1967-07-29,3,174,25.0,1960s
All You Need is Love,The Beatles,1967-08-19,1,237,44.0,1960s
Ode to Billie Joe,Bobbie Gentry,1967-08-26,4,255,72.0,1960s
The Letter,Box Tops,1967-09-23,4,112,25.0,1960s
To Sir With Love,Lulu,1967-10-21,5,166,36.0,1960s
Incense and Peppermints,Strawberry Alarm Clock,1967-11-25,1,167,4.0,1960s
Daydream Believer,The Monkees,1967-12-02,4,172,26.0,1960s
"Hello, Goodbye",The Beatles,1967-12-30,3,207,31.0,1960s
Judy in Disguise (With Glasses),John Fred & His Playboy Band,1968-01-20,2,175,6.0,1960s
Green Tambourine,The Lemon Pipers,1968-02-03,2,147,12.0,1960s
Love is Blue,Paul Mauriat,1968-02-10,5,151,16.0,1960s
(Sittin' On) The Dock of the Bay,Otis Redding,1968-03-16,4,164,68.0,1960s
Honey,Bobby Goldsboro,1968-04-13,5,239,67.0,1960s
Tighten Up,Archie Bell & the Drells,1968-05-18,2,195,24.0,1960s
Mrs. Robinson,Simon & Garfunkel,1968-06-01,3,244,71.0,1960s
This Guy's in Love with You,Herb Alpert,1968-06-22,4,235,86.0,1960s
Grazing in the Grass,Hugh Masekela,1968-07-20,2,175,38.0,1960s
"Hello, I Love You",The Doors,1968-08-03,2,133,3.0,1960s
People Got to Be Free,The Rascals,1968-08-17,5,182,47.0,1960s
Harper Valley PTA,Jeannie C. Riley,1968-09-21,1,195,61.0,1960s
Hey Jude,The Beatles,1968-09-28,9,426,1.0,1960s
Love Child,Diana Ross & The Supremes,1968-11-30,2,183,12.0,1960s
I Heard it Through the Grapevine,Marvin Gaye,1968-12-14,7,196,20.0,1960s
Crimson and Clover,Tommy James & the Shondells,1969-02-01,2,203,25.0,1960s
Everyday People,Sly & the Family Stone,1969-02-15,4,142,25.0,1960s
Dizzy,Tommy Roe,1969-03-15,4,172,1.0,1960s
Aquarius/Let the Sunshine In (The Flesh Failures),The 5th Dimension,1969-04-12,6,289,45.0,1960s
Get Back,The Beatles,1969-05-24,5,194,49.0,1960s
Love Theme from Romeo and Juliet,Henri Mancini & His Orchestra,1969-06-28,2,149,99.0,1960s
In the Year 2525 (Exordium & Terminus),Zager & Evans,1969-07-12,6,190,14.0,1960s
Honky Tonk Women,The Rolling Stones,1969-08-23,4,183,0.0,1960s
"Sugar, Sugar",The Archies,1969-09-20,4,168,47.0,1960s
I Can't Get Next to You,The Temptations,1969-10-18,2,175,56.0,1960s
Suspicious Minds,Elvis Presley,1969-11-01,1,261,4.0,1960s
Wedding Bell Blues,The 5th Dimension,1969-11-08,3,165,55.0,1960s
Come Together,The Beatles,1969-11-29,1,259,3.0,1960s
Na Na Hey Hey Kiss Him Goodbye,Steam,1969-12-06,2,225,1.0,1960s
Leaving on a Jet Plane,"Peter, Paul & Mary",1969-12-20,1,207,80.0,1960s
Someday We'll Be Together,Diana Ross & The Supremes,1969-12-27,1,194,14.0,1960s
Raindrops Keep Falling on My Head,B.J. Thomas,1970-01-03,4,177,87.0,1970s
I Want You Back,The Jackson 5,1970-01-31,1,180,49.0,1970s
Venus,Shocking Blue,1970-02-07,1,187,46.0,1970s
Thank You (Falettinme Be Mice Elf Agin),Sly & the Family Stone,1970-02-14,2,288,30.0,1970s
Bridge Over Troubled Water,Simon & Garfunkel,1970-02-28,6,293,82.0,1970s
Let it Be,The Beatles,1970-04-11,2,230,63.0,1970s
ABC,The Jackson 5,1970-04-25,2,175,45.0,1970s
American Woman,The Guess Who,1970-05-09,3,231,4.0,1970s
Everything is Beautiful,Ray Stevens,1970-05-30,2,209,51.0,1970s
The Long and Winding Road,The Beatles,1970-06-13,2,220,67.0,1970s
The Love You Save,The Jackson 5,1970-06-27,2,180,36.0,1970s
Mama Told Me (Not to Come),Three Dog Night,1970-07-11,2,199,38.0,1970s
(They Long to Be) Close to You,The Carpenters,1970-07-25,4,220,71.0,1970s
Make it With You,Bread,1970-08-22,1,192,66.0,1970s
War,Edwin Starr,1970-08-29,3,200,9.0,1970s
Ain't No Mountain High Enough,Diana Ross,1970-09-19,3,205,19.0,1970s
Cracklin' Rosie,Neil Diamond,1970-10-10,1,180,35.0,1970s
I'll Be There,The Jackson 5,1970-10-17,5,238,59.0,1970s
I Think I Love You,The Partridge Family,1970-11-21,3,173,42.0,1970s
The Tears of a Clown,Smokey Robinson & the Miracles,1970-12-12,2,182,15.0,1970s
My Sweet Lord,George Harrison,1970-12-26,4,281,8.0,1970s
Knock Three Times,Tony Orlando & Dawn,1971-01-23,3,180,15.0,1970s
One Bad Apple,The Osmonds,1971-02-13,5,165,38.0,1970s
Me and Bobby McGee,Janis Joplin,1971-03-20,2,271,30.0,1970s
Just My Imagination (Running Away with Me),The Temptations,1971-04-03,2,228,90.0,1970s
Joy to the World,Three Dog Night,1971-04-17,6,197,47.0,1970s
Brown Sugar,The Rolling Stones,1971-05-29,2,230,22.0,1970s
Want Ads,Honey Cone,1971-06-12,1,166,33.0,1970s
It's Too Late,Carole King,1971-06-19,5,231,50.0,1970s
Indian Reservation (The Lament of the Cherokee Reservation Indian),The Raiders,1971-07-24,1,172,28.0,1970s
You've Got a Friend,James Taylor,1971-07-31,1,268,68.0,1970s
How Can You Mend a Broken Heart,Bee Gees,1971-08-07,4,239,63.0,1970s
Uncle Albert/Admiral Halsey,Paul McCartney & Linda McCartney,1971-09-04,1,295,58.0,1970s
Go Away Little Girl,Donny Osmond,1971-09-11,3,149,78.0,1970s
Maggie May,Rod Stewart,1971-10-02,5,222,68.0,1970s
"Gypsys, Tramps and Thieves",Cher,1971-11-06,2,158,20.0,1970s
Theme from Shaft,Isaac Hayes,1971-11-20,2,197,4.0,1970s
Family Affair,Sly & the Family Stone,1971-12-04,3,185,67.0,1970s
Brand New Key,Melanie,1971-12-25,3,144,82.0,1970s
American Pie,Don McLean,1972-01-15,4,515,70.0,1970s
Let's Stay Together,Al Green,1972-02-12,1,199,57.0,1970s
Without You,Harry Nilsson,1972-02-19,4,201,61.0,1970s
Heart of Gold,Neil Young,1972-03-18,1,187,19.0,1970s
A Horse with No Name,America,1972-03-25,3,272,69.0,1970s
The First Time Ever I Saw Your Face,Roberta Flack,1972-04-15,6,255,73.0,1970s
Oh Girl,The Chi-Lites,1972-05-27,1,216,23.0,1970s
I'll Take You There,The Staple Singers,1972-06-03,1,196,10.0,1970s
The Candy Man,Sammy Davis Jr.,1972-06-10,3,192,81.0,1970s
Song Sung Blue,Neil Diamond,1972-07-01,1,194,36.0,1970s
Lean on Me,Bill Withers,1972-07-08,3,258,78.0,1970s
Alone Again (Naturally),Gilbert O'Sullivan,1972-07-29,6,217,58.0,1970s
Brandy (You're a Fine Girl),Looking Glass,1972-08-26,1,186,54.0,1970s
Black and White,Three Dog Night,1972-09-16,1,206,50.0,1970s
"Baby, Don't Get Hooked on Me",Mac Davis,1972-09-23,3,183,26.0,1970s
Ben,Michael Jackson,1972-10-14,1,167,91.0,1970s
My Ding-a-Ling,Chuck Berry,1972-10-21,2,256,77.0,1970s
I Can See Clearly Now,Johnny Nash,1972-11-04,4,164,63.0,1970s
Papa Was a Rollin' Stone,The Temptations,1972-12-02,1,419,45.0,1970s
I Am Woman,Helen Reddy,1972-12-09,1,205,41.0,1970s
Me and Mrs. Jones,Billy Paul,1972-12-16,3,284,23.0,1970s
You're So Vain,Carly Simon,1973-01-06,3,258,16.0,1970s
Superstition,Stevie Wonder,1973-01-27,1,245,4.0,1970s
Crocodile Rock,Elton John,1973-02-03,3,235,3.0,1970s
Killing Me Softly with His Song,Roberta Flack,1973-02-24,5,286,73.0,1970s
Love Train,The O'Jays,1973-03-24,1,178,19.0,1970s
The Night the Lights Went Out in Georgia,Vicki Lawrence,1973-04-07,2,220,85.0,1970s
Tie a Yellow Ribbon 'Round the Ole Oak Tree,Tony Orlando & Dawn,1973-04-21,4,206,28.0,1970s
You are the Sunshine of My Life,Stevie Wonder,1973-05-19,1,172,82.0,1970s
Frankenstein,The Edgar Winter Group,1973-05-26,1,206,0.0,1970s
My Love,Paul McCartney & Wings,1973-06-02,4,247,43.0,1970s
Give Me Love (Give Me Peace on Earth),George Harrison,1973-06-30,1,215,49.0,1970s
Will it Go Round in Circles,Billy Preston,1973-07-07,2,224,37.0,1970s
"Bad, Bad Leroy Brown",Jim Croce,1973-07-21,2,181,52.0,1970s
The Morning After,Maureen McGovern,1973-08-04,2,141,47.0,1970s
Touch Me in the Morning,Diana Ross,1973-08-18,1,207,45.0,1970s
Brother Louie,Stories,1973-08-25,2,235,10.0,1970s
Let's Get it On,Marvin Gaye,1973-09-08,2,240,30.0,1970s
Delta Dawn,Helen Reddy,1973-09-15,1,190,46.0,1970s
We're an American Band,Grand Funk,1973-09-29,1,307,12.0,1970s
Half-Breed,Cher,1973-10-06,2,167,50.0,1970s
Angie,The Rolling Stones,1973-10-20,1,272,73.0,1970s
Midnight Train to Georgia,Gladys Knight & the Pips,1973-10-27,2,237,19.0,1970s
Keep on Truckin',Eddie Kendricks,1973-11-10,2,212,33.0,1970s
Photograph,Ringo Starr,1973-11-24,1,239,2.0,1970s
Top of the World,The Carpenters,1973-12-01,2,179,81.0,1970s
The Most Beautiful Girl,Charlie Rich,1973-12-15,2,162,70.0,1970s
Time in a Bottle,Jim Croce,1973-12-29,2,147,85.0,1970s
The Joker,Steve Miller Band,1974-01-12,1,217,45.0,1970s
Show and Tell,Al Wilson,1974-01-19,1,207,30.0,1970s
You're Sixteen,Ringo Starr,1974-01-26,1,169,4.0,1970s
The Way We Were,Barbra Streisand,1974-02-02,3,211,88.0,1970s
Love's Theme,Love Unlimited Orchestra,1974-02-09,1,219,1.0,1970s
Seasons in the Sun,Terry Jacks,1974-03-02,3,186,78.0,1970s
Dark Lady,Cher,1974-03-23,1,209,49.0,1970s
Sunshine on My Shoulders,John Denver,1974-03-30,1,208,92.0,1970s
Hooked on a Feeling,Blue Swede,1974-04-06,1,173,30.0,1970s
Bennie and the Jets,Elton John,1974-04-13,1,323,30.0,1970s
TSOP (The Sound of Philadelphia),MFSB,1974-04-20,2,212,7.0,1970s
The Loco-motion,Grand Funk,1974-05-04,2,167,37.0,1970s
The Streak,Ray Stevens,1974-05-18,3,198,65.0,1970s
Band on the Run,Paul McCartney & Wings,1974-06-08,1,309,8.0,1970s
Billy Don't Be a Hero,Bo Donaldson & the Heywoods,1974-06-15,2,207,2.0,1970s
Sundown,Gordon Lightfoot,1974-06-29,1,213,33.0,1970s
Rock the Boat,Hues Corporation,1974-07-06,1,203,26.0,1970s
Rock Your Baby,George McCrae,1974-07-13,2,199,28.0,1970s
Annie's Song,John Denver,1974-07-27,2,181,87.0,1970s
Feel Like Makin' Love,Roberta Flack,1974-08-10,1,175,83.0,1970s
The Night Chicago Died,Paper Lace,1974-08-17,1,203,35.0,1970s
(You're) Having My Baby,Paul Anka & Odia Coates,1974-08-24,3,156,55.0,1970s
I Shot the Sheriff,Eric Clapton,1974-09-14,1,210,11.0,1970s
"Can't Get Enough of Your Love, Babe",Barry White,1974-09-21,1,229,12.0,1970s
Rock Me Gently,Andy Kim,1974-09-28,1,208,23.0,1970s
I Honestly Love You,Olivia Newton-John,1974-10-05,2,221,96.0,1970s
Nothing from Nothing,Billy Preston,1974-10-19,1,158,58.0,1970s
Then Came You,Dionne Warwick & The Spinners,1974-10-26,1,239,51.0,1970s
You Haven't Done Nothin',Stevie Wonder,1974-11-02,1,203,29.0,1970s
You Ain't Seen Nothing Yet,Bachman-Turner Overdrive,1974-11-09,1,218,0.0,1970s
Whatever Gets You Thru the Night,John Lennon,1974-11-16,1,206,56.0,1970s
I Can Help,Billy Swam,1974-11-23,2,178,51.0,1970s
Kung Fu Fighting,Carl Douglas,1974-12-07,2,195,4.0,1970s
Cat's in the Cradle,Harry Chapin,1974-12-21,1,212,46.0,1970s
Angie Baby,Helen Reddy,1974-12-28,1,211,48.0,1970s
Lucy in the Sky with Diamonds,Elton John,1975-01-04,2,354,9.0,1970s
Mandy,Barry Manilow,1975-01-18,1,195,42.0,1970s
Please Mr. Postman,The Carpenters,1975-01-25,1,172,14.0,1970s
Laughter in the Rain,Neil Sedaka,1975-02-01,1,170,36.0,1970s
Fire,Ohio Players,1975-02-08,1,192,10.0,1970s
You're No Good,Linda Ronstadt,1975-02-15,1,224,25.0,1970s
Pick Up the Pieces,Average White Band,1975-02-22,1,185,6.0,1970s
Best of My Love,Eagles,1975-03-01,1,330,65.0,1970s
Have You Never Been Mellow,Olivia Newton-John,1975-03-08,1,210,57.0,1970s
Black Water,The Doobie Brothers,1975-03-15,1,255,33.0,1970s
My Eyes Adored You,Frankie Valli,1975-03-22,1,212,24.0,1970s
Lady Marmalade,LaBelle,1975-03-29,1,236,55.0,1970s
Lovin' You,Minnie Riperton,1975-03-29,1,204,90.0,1970s
Philadelphia Freedom,Elton John,1975-04-12,2,325,4.0,1970s
(Hey Won't You Play) Another Somebody Done Somebody Wrong Song,B.J. Thomas,1975-04-26,1,206,74.0,1970s
He Don't Love You (Like I Love You),Tony Orlando & Dawn,1975-05-03,3,219,29.0,1970s
Shining Star,"Earth, Wind & Fire",1975-05-24,1,170,67.0,1970s
Before the Next Teardrop Falls,Freddy Fender,1975-05-31,1,153,88.0,1970s
Thank God I'm a Country Boy,John Denver,1975-06-07,1,167,61.0,1970s
Sister Golden Hair,America,1975-06-14,1,200,13.0,1970s
Love Will Keep Us Together,Captain & Tennille,1975-06-21,4,205,37.0,1970s
Listen to What the Man Said,Paul McCartney & Wings,1975-07-19,1,235,11.0,1970s
The Hustle,Van McCoy & the Soul City Symphony,1975-07-26,1,254,4.0,1970s
One of these Nights,Eagles,1975-08-02,1,214,6.0,1970s
Jive Talkin',Bee Gees,1975-08-09,2,213,17.0,1970s
Fallin' in Love,"Hamilton, Joe Frank & Reynolds",1975-08-23,1,194,29.0,1970s
Get Down Tonight,KC & the Sunshine Band,1975-08-30,1,192,9.0,1970s
Rhinestone Cowboy,Glen Campbell,1975-09-06,2,194,10.0,1970s
Fame,David Bowie,1975-09-20,2,214,54.0,1970s
I'm Sorry,John Denver,1975-09-27,1,212,89.0,1970s
Bad Blood,Neil Sedaka,1975-10-11,3,189,20.0,1970s
Island Girl,Elton John,1975-11-01,3,225,14.0,1970s
That's the Way (I Like It),KC & the Sunshine Band,1975-11-22,2,185,19.0,1970s
"Fly, Robin, Fly",Silver Connection,1975-11-09,3,335,2.0,1970s
Let's Do It Again,The Staple Singers,1975-12-27,1,294,39.0,1970s
Saturday Night,Bay City Rollers,1976-01-02,1,174,20.0,1970s
Convoy,C.W. McCall,1976-01-10,1,231,86.0,1970s
I Write the Songs,Barry Manilow,1976-01-17,1,235,81.0,1970s
Theme from Mahogany (Do You Know Where You're Going To),Diana Ross,1976-01-24,1,204,59.0,1970s
Love Rollercoaster,Ohio Players,1976-01-31,1,172,18.0,1970s
50 Ways to Leave Your Lover,Paul Simon,1976-02-07,3,217,17.0,1970s
Theme from S.W.A.T.,Rhythm Heritage,1976-02-28,1,201,0.0,1970s
Love Machine (Part 1),The Miracles,1976-03-06,1,181,6.0,1970s
"December, 1963 (Oh What a Night!)",Frankie Valli & the Four Seasons,1976-03-13,3,197,6.0,1970s
Disco Lady,Johnnie Taylor,1976-04-03,4,267,6.0,1970s
Let Your Love Flow,The Bellamy Brothers,1976-05-01,1,199,6.0,1970s
Welcome Back,John Sebastian,1976-05-08,1,171,41.0,1970s
Boogie Fever,The Sylvers,1976-05-15,1,201,17.0,1970s
Silly Love Songs,Paul McCartney & Wings,1976-05-22,5,352,18.0,1970s
Love Hangover,Diana Ross,1976-05-29,2,229,31.0,1970s
Afternoon Delight,Starland Vocal Band,1976-07-10,2,191,49.0,1970s
Kiss and Say Goodbye,The Manhattans,1976-07-24,2,209,56.0,1970s
Don't Go Breaking My Heart,Elton John & Kiki Dee,1976-08-07,4,271,18.0,1970s
You Should Be Dancing,Bee Gees,1976-09-04,1,256,2.0,1970s
"(Shake, Shake, Shake) Shake Your Booty",KC & the Sunshine Band,1976-09-11,1,187,1.0,1970s
Play That Funky Music,Wild Cherry,1976-09-18,3,191,7.0,1970s
A Fifth of Beethoven,Walter Murphy & the Big Apple Band,1976-10-09,1,182,32.0,1970s
Disco Duck,Rick Dees & His Cast of Idiots,1976-10-16,1,199,13.0,1970s
If You Leave Me Now,Chicago,1976-10-23,2,235,2.0,1970s
Rock 'n Me,Steve Miller Band,1976-11-06,1,187,30.0,1970s
Tonight's the Night (Gonna Be Alright),Rod Stewart,1976-11-13,8,213,10.0,1970s
You Don't Have to Be a Star (To Be in My Show),"Marilyn McCoo & Billy Davis, Jr.",1977-01-08,1,209,31.0,1970s
You Make Me Feel Like Dancing,Leo Sayer,1977-01-15,1,173,7.0,1970s
I Wish,Stevie Wonder,1977-01-22,1,271,14.0,1970s
Car Wash,Rose Royce,1977-01-29,1,200,33.0,1970s
Torn Between Two Lovers,Mary MacGregor,1977-02-05,2,229,73.0,1970s
Blinded by the Light,Manfred Mann's Earth Band,1977-02-19,1,229,57.0,1970s
New Kid in Town,Eagles,1977-02-26,1,305,38.0,1970s
Evergreen (Love Theme From A Star is Born),Barbra Streisand,1977-03-05,3,185,93.0,1970s
Rich Girl,Daryl Hall & John Oates,1977-03-26,2,142,46.0,1970s
Dancing Queen,ABBA,1977-04-09,1,230,38.0,1970s
Don't Give Up on Us,David Soul,1977-04-16,1,219,74.0,1970s
Don't Leave Me This Way,Thelma Houston,1977-04-23,1,218,15.0,1970s
Southern Nights,Glen Campbell,1977-04-30,1,180,10.0,1970s
Hotel California,Eagles,1977-05-07,1,391,1.0,1970s
When I Need You,Leo Sayer,1977-05-14,1,253,39.0,1970s
Sir Duke,Stevie Wonder,1977-05-21,3,232,16.0,1970s
I'm Your Boogie Man,KC & the Sunshine Band,1977-06-11,1,244,1.0,1970s
Dreams,Fleetwood Mac,1977-06-18,1,245,6.0,1970s
Got to Give it Up,Marvin Gaye,1977-06-25,1,255,23.0,1970s
Gonna Fly Now (Theme from Rocky),Bill Conti,1977-07-02,1,170,40.0,1970s
Undercover Angel,Alan O'Day,1977-07-09,1,200,32.0,1970s
Da Doo Ron Ron,Shaun Cassidy,1977-07-16,1,170,11.0,1970s
Looks Like We Made It,Barry Manilow,1977-07-23,1,213,57.0,1970s
I Just Want to Be Your Everything,Andy Gibb,1977-07-30,4,212,17.0,1970s
Best of My Love,The Emotions,1977-08-20,5,219,45.0,1970s
Star Wars Theme/Cantina Band,Meco,1977-10-01,1,212,0.0,1970s
You Light Up My Life,Debby Boone,1977-10-15,10,216,83.0,1970s
How Deep is Your Love,Bee Gees,1977-12-24,3,245,10.0,1970s
Baby Come Back,Player,1978-01-14,3,214,7.0,1970s
Stayin' Alive,Bee Gees,1978-02-04,4,283,3.0,1970s
(Love Is) Thicker Than Water,Andy Gibb,1978-03-04,2,198,12.0,1970s
Night Fever,Bee Gees,1978-03-18,8,212,3.0,1970s
If I Can't Have You,Yvonne Elliman,1978-05-13,1,180,10.0,1970s
With a Little Luck,Paul McCartney & Wings,1978-05-20,2,194,20.0,1970s
"Too Much, Too Little, Too Late",Johnny Mathis & Deniece Williams,1978-06-03,1,180,51.0,1970s
You're the One That I Want,John Travolta & Olivia Newton-John,1978-06-10,1,169,28.0,1970s
Shadow Dancing,Andy Gibb,1978-06-17,7,276,15.0,1970s
Miss You,The Rolling Stones,1978-08-05,1,225,44.0,1970s
Three Times a Lady,Commodores,1978-08-12,2,217,87.0,1970s
Grease,Frankie Valli,1978-08-26,2,206,25.0,1970s
Boogie Oogie Oogie,A Taste of Honey,1978-09-09,3,338,10.0,1970s
Kiss You All Over,Exile,1978-09-30,4,296,9.0,1970s
Hot Child in the City,Nick Gilder,1978-10-28,1,215,3.0,1970s
You Needed Me,Anne Murray,1978-11-04,1,220,43.0,1970s
MacArthur Park,Donna Summer,1978-11-11,3,235,8.0,1970s
You Don't Bring Me Flowers,Barbra Streisand & Neil Diamond,1978-12-02,2,195,88.0,1970s
Le Freak,Chic,1978-12-09,6,216,4.0,1970s
Too Much Heaven,Bee Gees,1979-01-06,3,296,44.0,1970s
Do Ya Think I'm Sexy?,Rod Stewart,1979-02-10,4,326,1.0,1970s
I Will Survive,Gloria Gaynor,1979-03-10,3,198,1.0,1970s
Tragedy,Bee Gees,1979-03-24,2,303,9.0,1970s
What a Fool Believes,The Doobie Brothers,1979-04-14,1,224,28.0,1970s
Knock On Wood,Amii Stewart,1979-04-21,1,227,0.0,1970s
Heart of Glass,Blondie,1979-04-28,1,229,5.0,1970s
Reunited,Peaches & Herb,1979-05-05,4,345,86.0,1970s
Hot Stuff,Donna Summer,1979-06-02,3,226,0.0,1970s
Love You Inside Out,Bee Gees,1979-06-09,1,228,35.0,1970s
Ring My Bell,Anita Ward,1979-06-30,2,212,11.0,1970s
Bad Girls,Donna Summer,1979-07-14,5,295,0.0,1970s
Good Times,Chic,1979-08-18,1,224,12.0,1970s
My Sharona,The Knack,1979-08-25,6,239,8.0,1970s
Sad Eyes,Robert John,1979-10-06,1,213,54.0,1970s
Don't Stop 'Til You Get Enough,Michael Jackson,1979-10-13,1,365,13.0,1970s
Rise,Herb Alpert,1979-10-20,2,230,13.0,1970s
Pop Muzik,M,1979-11-03,1,201,12.0,1970s
Heartache Tonight,Eagles,1979-11-10,1,265,8.0,1970s
Still,Commodores,1979-11-17,1,224,91.0,1970s
No More Tears (Enough is Enough),Barbra Streisand & Donna Summer,1979-11-24,2,288,30.0,1970s
Babe,Styx,1979-12-08,2,242,53.0,1970s
Escape (The Piña Colada Song),Rupert Holmes,1979-12-22,3,231,33.0,1970s
Please Don't Go,KC & the Sunshine Band,1980-01-05,1,230,1.0,1980s
Rock With You,Michael Jackson,1980-01-19,4,203,6.0,1980s
Do That to Me One More Time,Captain & Tennille,1980-02-16,1,251,63.0,1980s
Crazy Little Thing Called Love,Queen,1980-02-23,4,263,71.0,1980s
"Another Brick in the Wall, Pt. 2",Pink Floyd,1980-03-22,4,198,8.0,1980s
Call Me,Blondie,1980-04-19,6,212,0.0,1980s
Funkytown,Lipps Inc.,1980-05-31,4,239,0.0,1980s
Coming Up,Paul McCartney,1980-06-28,3,248,15.0,1980s
It's Still Rock and Roll to Me,Billy Joel,1980-07-19,2,176,10.0,1980s
Magic,Olivia Newton-John,1980-08-02,4,269,12.0,1980s
Sailing,Christopher Cross,1980-08-30,1,256,36.0,1980s
Upside Down,Diana Ross,1980-09-06,4,245,18.0,1980s
Another One Bites the Dust,Queen,1980-10-04,3,215,11.0,1980s
Woman in Love,Barbra Streisand,1980-10-25,3,231,25.0,1980s
Lady,Kenny Rogers,1980-11-15,6,231,86.0,1980s
(Just Like) Starting Over,John Lennon,1980-12-27,5,234,30.0,1980s
The Tide is High,Blondie,1981-01-31,1,233,5.0,1980s
Celebration,Kool & the Gang,1981-02-07,2,221,10.0,1980s
9 to 5,Dolly Parton,1981-02-21,2,162,42.0,1980s
I Love a Rainy Night,Eddie Rabbit,1981-02-28,2,191,12.0,1980s
Keep on Loving You,REO Speedwagon,1981-03-21,1,200,5.0,1980s
Rapture,Blondie,1981-03-28,2,391,40.0,1980s
Kiss On My List,Daryl Hall & John Oates,1981-04-11,3,232,43.0,1980s
Morning Train (Nine to Five),Sheena Easton,1981-05-02,2,300,69.0,1980s
Bette Davis Eyes,Kim Carnes,1981-05-16,9,328,2.0,1980s
Stars on 45,Stars on 45,1981-06-20,1,288,34.0,1980s
The One That You Love,Air Supply,1981-07-25,1,259,73.0,1980s
Jessie's Girl,Rick Springfield,1981-08-01,2,194,16.0,1980s
Endless Love,Diana Ross & Lionel Richie,1981-08-15,9,266,67.0,1980s
Arthur's Theme (The Best That You Can Do),Christopher Cross,1981-10-17,3,236,17.0,1980s
Private Eyes,Daryl Hall & John Oates,1981-11-07,2,217,41.0,1980s
Physical,Olivia Newton-John,1981-11-21,10,225,6.0,1980s
I Can't Go For That (No Can Do),Daryl Hall & John Oates,1982-01-30,1,225,7.0,1980s
Centerfold,The J. Geils Band,1982-02-06,6,216,25.0,1980s
I Love Rock 'n' Roll,Joan Jett & the Blackhearts,1982-03-20,7,175,33.0,1980s
Chariots of Fire,Vangelis,1982-05-08,1,202,5.0,1980s
Ebony & Ivory,Paul McCartney & Stevie Wonder,1982-05-15,7,220,15.0,1980s
Don't You Want Me,The Human League,1982-07-03,3,236,18.0,1980s
Eye of the Tiger,Survivor,1982-07-24,6,227,24.0,1980s
Abracadabra,Steve Miller Band,1982-09-04,2,219,7.0,1980s
Hard to Say I'm Sorry,Chicago,1982-09-11,2,221,69.0,1980s
Jack and Diane,John Cougar,1982-10-02,4,254,4.0,1980s
Who Can It Be Now?,Men at Work,1982-10-30,1,201,6.0,1980s
Up Where We Belong,Joe Cocker & Jennifer Warnes,1982-11-06,3,233,60.0,1980s
Truly,Lionel Richie,1982-11-27,2,200,65.0,1980s
Mickey,Toni Basil,1982-12-11,1,216,6.0,1980s
Maneater,Daryl Hall & John Oates,1982-12-18,4,273,4.0,1980s
Down Under,Men at Work,1983-01-15,4,220,5.0,1980s
Africa,Toto,1983-02-05,1,261,57.0,1980s
"Baby, Come to Me",Patti Austin & James Ingram,1983-02-19,2,215,55.0,1980s
Billie Jean,Michael Jackson,1983-03-05,7,294,2.0,1980s
Come on Eileen,Dexys Midnight Runners,1983-04-23,1,243,20.0,1980s
Beat It,Michael Jackson,1983-04-30,3,258,5.0,1980s
Let's Dance,David Bowie,1983-05-21,1,248,1.0,1980s
Flashdance … What a Feeling,Irene Cara,1983-05-28,6,233,11.0,1980s
Every Breath You Take,The Police,1983-07-09,8,234,54.0,1980s
Sweet Dreams (Are Made of This),Eurythmics,1983-09-03,1,216,23.0,1980s
Maniac,Michael Sembello,1983-09-10,2,244,9.0,1980s
Tell Her About It,Billy Joel,1983-09-24,1,229,1.0,1980s
Total Eclipse of the Heart,Bonnie Tyler,1983-10-01,4,267,14.0,1980s
Islands in the Stream,Kenny Rogers & Dolly Parton,1983-10-29,2,251,68.0,1980s
All Night Long (All Night),Lionel Richie,1983-11-12,4,260,12.0,1980s
Say Say Say,Paul McCartney & Michael Jackson,1983-12-10,6,234,5.0,1980s
Owner of a Lonely Heart,Yes,1984-01-21,2,230,17.0,1980s
Karma Chameleon,Culture Club,1984-02-04,3,238,20.0,1980s
Jump,Van Halen,1984-02-25,5,240,17.0,1980s
Footloose,Kenny Loggins,1984-03-31,3,226,10.0,1980s
Against All Odds (Take a Look at Me Now),Phil Collins,1984-04-21,3,206,20.0,1980s
Hello,Lionel Richie,1984-05-12,2,254,41.0,1980s
Let's Hear it For the Boy,Deniece Williams,1984-05-26,2,262,8.0,1980s
Time After Time,Cyndi Lauper,1984-06-09,2,241,49.0,1980s
The Reflex,Duran Duran,1984-06-23,2,266,11.0,1980s
When Doves Cry,Prince,1984-07-07,5,228,1.0,1980s
Ghostbusters,"Ray Parker, Jr.",1984-08-11,3,241,1.0,1980s
What's Love Got to Do With It,Tina Turner,1984-09-01,3,226,22.0,1980s
Missing You,John Waite,1984-09-22,1,270,5.0,1980s
Let's Go Crazy,Prince,1984-09-29,2,227,1.0,1980s
I Just Called to Say I Love You,Stevie Wonder,1984-10-13,3,260,18.0,1980s
Caribbean Queen (No More Love on the Run),Billy Ocean,1984-11-03,2,221,29.0,1980s
Wake Me Up Before You Go-Go,Wham!,1984-11-17,3,231,27.0,1980s
Out of Touch,Daryl Hall & John Oates,1984-12-08,2,247,8.0,1980s
Like a Virgin,Madonna,1984-12-22,6,218,20.0,1980s
I Want to Know What Love Is,Foreigner,1985-02-02,2,304,19.0,1980s
Careless Whisper,Wham!,1985-02-16,3,300,13.0,1980s
Can't Fight This Feeling,REO Speedwagon,1985-03-09,3,295,16.0,1980s
One More Night,Phil Collins,1985-03-30,2,262,79.0,1980s
We Are the World,USA for Africa,1985-04-13,4,382,19.0,1980s
Crazy for You,Madonna,1985-05-11,1,224,11.0,1980s
Don't You (Forget About Me),Simple Minds,1985-05-18,1,263,17.0,1980s
Everything She Wants,Wham!,1985-05-25,2,302,32.0,1980s
Everybody Wants to Rule the World,Tears for Fears,1985-06-08,2,251,35.0,1980s
Heaven,Bryan Adams,1985-06-22,2,243,5.0,1980s
Sussudio,Phil Collins,1985-07-06,1,263,5.0,1980s
A View to a Kill,Duran Duran,1985-07-13,2,207,2.0,1980s
Everytime You Go Away,Paul Young,1985-07-27,1,260,18.0,1980s
Shout,Tears for Fears,1985-08-03,3,246,22.0,1980s
The Power of Love,Huey Lewis & the News,1985-08-24,2,234,10.0,1980s
St. Elmo's Fire (Man in Motion),John Parr,1985-09-07,2,251,15.0,1980s
Money for Nothing,Dire Straits,1985-09-21,3,249,9.0,1980s
Oh Sheila,Ready for the World,1985-10-12,1,216,8.0,1980s
Take on Me,a-ha,1985-10-19,1,225,2.0,1980s
Saving All My Love for You,Whitney Houston,1985-10-26,1,218,59.0,1980s
Part-Time Lover,Stevie Wonder,1985-11-02,1,222,17.0,1980s
Miami Vice Theme,Jan Hammer,1985-11-09,1,147,28.0,1980s
We Built This City,Starship,1985-11-16,2,277,3.0,1980s
Separate Lives,Phil Collins & Marilyn Martin,1985-11-30,1,269,24.0,1980s
Broken Wings,Mr. Mister,1985-12-07,2,275,12.0,1980s
"Say You, Say Me",Lionel Richie,1985-12-21,4,241,35.0,1980s
That's What Friends are For,Dionne & Friends,1986-01-18,4,256,29.0,1980s
How Will I Know,Whitney Houston,1986-02-15,2,275,20.0,1980s
Kyrie,Mr. Mister,1986-03-01,2,257,29.0,1980s
Sara,Starship,1986-03-15,1,292,35.0,1980s
These Dreams,Heart,1986-03-22,1,228,51.0,1980s
Rock Me Amadeus,Falco,1986-03-29,3,202,30.0,1980s
Kiss,Prince,1986-04-19,2,226,1.0,1980s
Addicted to Love,Robert Palmer,1986-05-03,1,235,37.0,1980s
West End Girls,Pet Shop Boys,1986-05-10,1,240,4.0,1980s
Greatest Love of All,Whitney Houston,1986-05-17,3,291,48.0,1980s
Live to Tell,Madonna,1986-06-07,1,353,41.0,1980s
On My Own,Patti LaBelle & Michael McDonald,1986-06-14,3,290,34.0,1980s
There'll Be Sad Songs (To Make You Cry),Billy Ocean,1986-07-05,1,292,75.0,1980s
Holding Back the Years,Simply Red,1986-07-12,1,266,47.0,1980s
Invisible Touch,Genesis,1986-07-19,1,209,34.0,1980s
Sledgehammer,Peter Gabriel,1986-07-26,1,291,4.0,1980s
Glory of Love,Peter Cetera,1986-08-02,2,288,8.0,1980s
Papa Don't Preach,Madonna,1986-08-16,2,269,31.0,1980s
Higher Love,Steve Winwood,1986-08-30,1,252,5.0,1980s
Venus,Bananarama,1986-09-06,1,229,9.0,1980s
Take My Breath Away,Berlin,1986-09-13,1,242,19.0,1980s
Stuck with You,Huey Lewis & the News,1986-09-20,3,269,9.0,1980s
When I Think of You,Janet Jackson,1986-10-11,2,235,8.0,1980s
True Colors,Cyndi Lauper,1986-10-25,2,226,79.0,1980s
Amanda,Boston,1986-11-08,2,256,32.0,1980s
Human,The Human League,1986-11-22,1,229,7.0,1980s
You Give Love a Bad Name,Bon Jovi,1986-11-29,1,222,7.0,1980s
The Next Time I Fall,Peter Cetera & Amy Grant,1986-12-06,1,225,49.0,1980s
The Way It Is,Bruce Hornsby & the Range,1986-12-13,1,298,61.0,1980s
Walk Like an Egyptian,The Bangles,1986-12-20,4,204,0.0,1980s
Shake You Down,Gregory Abbott,1987-01-17,1,245,52.0,1980s
At This Moment,Billy Vera & the Beaters,1987-01-24,2,261,64.0,1980s
Open Your Heart,Madonna,1987-02-07,1,253,4.0,1980s
Livin' on a Prayer,Bon Jovi,1987-02-24,4,249,8.0,1980s
Jacob's Ladder,Huey Lewis & the News,1987-03-14,1,213,1.0,1980s
Lean on Me,Club Nouveau,1987-03-21,2,250,19.0,1980s
Nothing's Gonna Stop Us Now,Starship,1987-04-04,2,270,3.0,1980s
I Knew You Were Waiting (For Me),Aretha Franklin & George Michael,1987-04-18,2,238,26.0,1980s
(I Just) Died in Your Arms,Cutting Crew,1987-05-02,2,280,2.0,1980s
With or Without You,U2,1987-05-16,3,354,0.0,1980s
You Keep Me Hangin' On,Kim Wilde,1987-06-06,1,255,8.0,1980s
Always,Atlantic Starr,1987-06-13,1,239,50.0,1980s
Head to Toe,Lisa Lisa & Cult Jam,1987-06-20,1,241,4.0,1980s
I Wanna Dance with Somebody (Who Loves Me),Whitney Houston,1987-07-27,2,291,21.0,1980s
Alone,Heart,1987-07-11,3,219,64.0,1980s
Shakedown,Bob Seger,1987-08-01,1,241,3.0,1980s
I Still Haven't Found What I'm Looking For,U2,1987-08-08,2,277,1.0,1980s
Who's That Girl,Madonna,1987-08-22,1,239,21.0,1980s
La Bamba,Los Lobos,1987-08-29,3,174,14.0,1980s
I Just Can't Stop Loving You,Michael Jackson & Siedah Garrett,1987-09-19,1,251,67.0,1980s
Didn't We Almost Have It All,Whitney Houston,1987-09-26,2,278,37.0,1980s
Here I Go Again,Whitesnake,1987-10-10,1,275,15.0,1980s
Lost in Emotion,Lisa Lisa & Cult Jam,1987-10-17,1,289,2.0,1980s
Bad,Michael Jackson,1987-10-24,2,247,0.0,1980s
I Think We're Alone Now,Tiffany,1987-11-07,2,228,3.0,1980s
Mony Mony,Billy Idol,1987-11-21,1,246,1.0,1980s
(I've Had) The Time of My Life,Bill Medley & Jennifer Warnes,1987-11-28,1,290,4.0,1980s
Heaven Is a Place on Earth,Belinda Carlisle,1987-12-05,1,247,3.0,1980s
Faith,George Michael,1987-12-12,4,194,1.0,1980s
So Emotional,Whitney Houston,1988-01-09,1,276,27.0,1980s
Got My Mind Set On You,George Harrison,1988-01-16,1,234,47.0,1980s
The Way You Make Me Feel,Michael Jackson,1988-01-23,1,266,5.0,1980s
Need You Tonight,INXS,1988-01-30,1,181,7.0,1980s
Could've Been,Tiffany,1988-02-06,2,213,55.0,1980s
Seasons Change,Exposé,1988-02-20,1,256,22.0,1980s
Father Figure,George Michael,1988-02-27,2,340,16.0,1980s
Never Gonna Give You Up,Rick Astley,1988-03-12,2,213,14.0,1980s
Man in the Mirror,Michael Jackson,1988-03-26,2,318,52.0,1980s
"Get Outta My Dreams, Get Into My Car",Billy Ocean,1988-04-09,2,284,9.0,1980s
Where Do Broken Hearts Go,Whitney Houston,1988-04-23,2,277,63.0,1980s
Wishing Well,Terence Trent D'Arby,1988-05-07,1,210,10.0,1980s
Anything for You,Gloria Estefan & Miami Sound Machine,1988-05-14,2,243,52.0,1980s
One More Try,George Michael,1988-05-28,3,353,61.0,1980s
Together Forever,Rick Astley,1988-06-18,1,201,19.0,1980s
Foolish Beat,Debbie Gibson,1988-06-25,1,202,27.0,1980s
Dirty Diana,Michael Jackson,1988-07-02,1,280,24.0,1980s
The Flame,Cheap Trick,1988-07-09,2,281,57.0,1980s
Hold On to the Nights,Richard Marx,1988-07-23,1,316,66.0,1980s
Roll With It,Steve Winwood,1988-07-30,4,279,7.0,1980s
Monkey,George Michael,1988-08-27,2,289,5.0,1980s
Sweet Child O' Mine,Guns N' Roses,1988-09-10,2,356,9.0,1980s
"Don't Worry, Be Happy",Bobby McFerrin,1988-09-24,2,294,88.0,1980s
Love Bites,Def Leppard,1988-10-08,1,346,7.0,1980s
Red Red Wine,UB40,1988-10-15,1,183,0.0,1980s
A Groovy Kind of Love,Phil Collins,1988-10-22,2,210,23.0,1980s
Kokomo,The Beach Boys,1988-11-05,1,217,1.0,1980s
Wild Wild West,The Escape Club,1988-11-12,1,244,2.0,1980s
Bad Medicine,Bon Jovi,1988-11-19,2,238,5.0,1980s
"Baby, I Love Your Way / Freebird Medley",Will to Power,1988-12-03,1,247,2.0,1980s
Look Away,Chicago,1988-12-10,2,240,46.0,1980s
Every Rose Has Its Thorn,Poison,1988-12-24,3,260,16.0,1980s
My Prerogative,Bobby Brown,1989-01-14,1,271,9.0,1980s
Two Hearts,Phil Collins,1989-01-21,2,204,31.0,1980s
When I'm With You,Sheriff,1989-02-04,1,233,27.0,1980s
Straight Up,Paula Abdul,1989-02-11,3,231,49.0,1980s
Lost in Your Eyes,Debbie Gibson,1989-03-04,3,213,46.0,1980s
The Living Years,Mike & the Mechanics,1989-03-25,1,330,58.0,1980s
Eternal Flame,The Bangles,1989-04-01,1,238,52.0,1980s
The Look,Roxette,1989-04-08,1,237,5.0,1980s
She Drives Me Crazy,Fine Young Cannibals,1989-04-15,1,215,19.0,1980s
Like a Prayer,Madonna,1989-04-22,3,340,26.0,1980s
I'll Be There for You,Bon Jovi,1989-05-13,1,346,5.0,1980s
Forever Your Girl,Paula Abdul,1989-05-20,2,300,19.0,1980s
Rock On,Michael Damian,1989-06-03,1,202,,1980s
Wind Beneath My Wings,Bette Midler,1989-06-10,1,293,55.0,1980s
I'll Be Loving You (Forever),New Kids on the Block,1989-06-17,1,263,28.0,1980s
Satisfied,Richard Marx,1989-06-24,1,254,7.0,1980s
Baby Don't Forget My Number,Milli Vanilli,1989-07-01,1,249,1.0,1980s
Good Thing,Fine Young Cannibals,1989-07-08,1,202,7.0,1980s
If You Don't Know Me By Now,Simply Red,1989-07-15,1,204,49.0,1980s
Toy Soldiers,Martika,1989-07-22,2,260,2.0,1980s
Batdance,Prince,1989-08-05,1,247,28.0,1980s
Right Here Waiting,Richard Marx,1989-08-12,3,264,80.0,1980s
Cold Hearted,Paula Abdul,1989-09-02,1,231,15.0,1980s
Hangin' Tough,New Kids on the Block,1989-09-09,1,231,4.0,1980s
Don't Wanna Lose You,Gloria Estefan,1989-09-16,1,250,41.0,1980s
Girl I'm Gonna Miss You,Milli Vanilli,1989-09-23,2,238,13.0,1980s
Miss You Much,Janet Jackson,1989-10-07,4,252,3.0,1980s
Listen to Your Heart,Roxette,1989-11-04,1,315,22.0,1980s
When I See You Smile,Bad English,1989-11-11,2,257,42.0,1980s
Blame it On the Rain,Milli Vanilli,1989-11-25,2,248,0.0,1980s
We Didn't Start the Fire,Billy Joel,1989-12-09,2,245,8.0,1980s
Another Day in Paradise,Phil Collins,1989-12-23,4,289,74.0,1980s
How Am I Supposed to Live Without You,Michael Bolton,1990-01-20,3,245,16.0,1990s
Opposites Attract,Paula Abdul & Wild Pair,1990-02-10,3,230,46.0,1990s
Escapade,Janet Jackson,1990-03-03,3,283,3.0,1990s
Black Velvet,Alannah Myles,1990-03-24,2,287,27.0,1990s
Love Will Lead You Back,Taylor Dayne,1990-04-07,1,277,20.0,1990s
I'll Be Your Everything,Tommy Page,1990-04-14,1,244,34.0,1990s
Nothing Compares 2 U,Sinead O'Connor,1990-04-21,4,280,4.0,1990s
Vogue,Madonna,1990-05-19,3,289,1.0,1990s
Hold On,Wilson Phillips,1990-06-09,1,221,60.0,1990s
It Must Have Been Love,Roxette,1990-06-16,2,258,34.0,1990s
Step by Step,New Kids on the Block,1990-06-30,3,267,3.0,1990s
She Ain't Worth It,Glenn Medeiros ft. Bobby Brown,1990-07-21,2,218,4.0,1990s
Vision of Love,Mariah Carey,1990-08-04,4,209,43.0,1990s
If Wishes Came True,Sweet Sensation,1990-09-01,1,315,9.0,1990s
Blaze of Glory,Jon Bon Jovi,1990-09-08,1,340,6.0,1990s
Release Me,Wilson Phillips,1990-09-15,2,231,54.0,1990s
(Can't Live Without Your) Love and Affection,Nelson,1990-09-29,1,244,4.0,1990s
Close to You,Maxi Priest,1990-10-06,1,243,2.0,1990s
Praying For Time,George Michael,1990-10-13,1,281,2.0,1990s
I Don't Have the Heart,James Ingram,1990-10-20,1,253,66.0,1990s
Black Cat,Janet Jackson,1990-10-27,1,290,10.0,1990s
Ice Ice Baby,Vanilla Ice,1990-11-03,1,270,6.0,1990s
Love Takes Time,Mariah Carey,1990-11-10,3,229,73.0,1990s
I'm Your Baby Tonight,Whitney Houston,1990-12-01,1,299,30.0,1990s
Because I Love You (The Postman Song),Stevie B,1990-12-08,4,246,71.0,1990s
Justify My Love,Madonna,1991-01-05,2,296,0.0,1990s
Love Will Never Do (Without You),Janet Jackson,1991-01-19,1,273,10.0,1990s
The First Time,Surface,1991-01-26,2,255,26.0,1990s
Gonna Make You Sweat (Everybody Dance Now),C+C Music Factory ft. Freedom Williams,1991-02-09,2,244,0.0,1990s
All the Man that I Need,Whitney Houston,1991-02-23,2,251,43.0,1990s
Someday,Mariah Carey,1991-03-09,2,246,21.0,1990s
One More Try,Timmy T,1991-03-23,1,209,19.0,1990s
Coming Out of the Dark,Gloria Estefan,1991-03-30,2,242,65.0,1990s
I've Been Thinking About You,Londonbeat,1991-04-13,1,230,2.0,1990s
You're in Love,Wilson Phillips,1991-04-20,1,247,14.0,1990s
Baby Baby,Amy Grant,1991-04-27,2,244,43.0,1990s
Joyride,Roxette,1991-05-11,1,241,9.0,1990s
I Like The Way (Kissing Game),Hi-Five,1991-05-18,1,270,6.0,1990s
I Don't Wanna Cry,Mariah Carey,1991-05-25,2,288,20.0,1990s
More Than Words,Extreme,1991-06-08,1,238,68.0,1990s
Rush Rush,Paula Abdul,1991-06-15,5,298,71.0,1990s
Unbelievable,EMF,1991-07-20,1,209,0.0,1990s
(Everything I Do) I Do It For You,Bryan Adams,1991-07-27,7,250,20.0,1990s
The Promise of a New Day,Paula Abdul,1991-09-14,1,272,9.0,1990s
I Adore Mi Amor,Color Me Badd,1991-09-21,2,289,24.0,1990s
Good Vibrations,Marky Mark & the Funky Bunch ft. Loleatta Holloway,1991-10-05,1,269,0.0,1990s
Emotions,Mariah Carey,1991-10-12,3,248,4.0,1990s
Romantic,Karyn White,1991-11-02,1,247,48.0,1990s
Cream,Prince & the New Power Generation,1991-11-09,2,253,10.0,1990s
When a Man Loves a Woman,Michael Bolton,1991-11-23,1,231,20.0,1990s
Set Adrift on Memory Bliss,P.M. Dawn,1991-11-30,1,235,0.0,1990s
Black or White,Michael Jackson,1991-12-07,7,202,8.0,1990s
All 4 Love,Color Me Badd,1992-01-25,1,211,3.0,1990s
Don't Let the Sun Go Down on Me,George Michael & Elton John,1992-02-01,1,346,50.0,1990s
I'm Too Sexy,Right Said Fred,1992-02-08,3,170,0.0,1990s
To Be With You,Mr. Big,1992-02-29,3,207,29.0,1990s
Save the Best for Last,Vanessa Williams,1992-03-21,5,218,64.0,1990s
Jump,Kris Kross,1992-04-25,8,193,0.0,1990s
I'll Be There,Mariah Carey,1992-06-20,2,264,72.0,1990s
Baby Got Back,Sir Mix-a-Lot,1992-07-04,5,262,1.0,1990s
This Used to Be My Playground,Madonna,1992-08-08,1,310,75.0,1990s
End of the Road,Boyz II Men,1992-08-15,13,254,7.0,1990s
How Do You Talk to an Angel,The Heights,1992-11-14,2,227,28.0,1990s
I Will Always Love You,Whitney Houston,1992-11-28,14,271,84.0,1990s
A Whole New World,Peabo Bryson & Regina Belle,1993-03-06,1,243,58.0,1990s
Informer,Snow,1993-03-13,7,268,10.0,1990s
Freak Me,Silk,1993-05-01,2,274,3.0,1990s
That's the Way Love Goes,Janet Jackson,1993-05-15,8,265,30.0,1990s
Weak,SWV,1993-07-10,2,291,11.0,1990s
(I Can't Help) Falling in Love With You,UB40,1993-07-24,7,207,4.0,1990s
Dreamlover,Mariah Carey,1993-09-11,8,232,18.0,1990s
I'd Do Anything For Love (But I Won't Do That),Meat Loaf,1993-11-06,5,316,62.0,1990s
Again,Janet Jackson,1993-12-11,2,227,88.0,1990s
Hero,Mariah Carey,1993-12-25,4,257,74.0,1990s
All For Love,"Bryan Adams, Rod Stewart, & Sting",1994-01-22,3,283,12.0,1990s
The Power of Love,Céline Dion,1994-02-12,4,286,37.0,1990s
The Sign,Ace of Base,1994-03-12,6,191,1.0,1990s
Bump n' Grind,R. Kelly,1994-04-09,4,256,10.0,1990s
I Swear,All-4-One,1994-05-21,11,259,23.0,1990s
Stay (I Missed You),Lisa Loeb & Nine Stories,1994-08-06,3,184,47.0,1990s
I'll Make Love to You,Boyz II Men,1994-08-27,14,236,10.0,1990s
On Bended Knee,Boyz II Men,1994-12-03,6,329,41.0,1990s
Here Comes the Hotstepper,Ini Kamoze,1994-12-17,2,253,2.0,1990s
Creep,TLC,1995-01-28,4,266,3.0,1990s
Take a Bow,Madonna,1995-02-25,7,320,34.0,1990s
This Is How We Do It,Montell Jordan,1995-04-15,7,237,2.0,1990s
Have You Ever Really Loved a Woman?,Bryan Adams,1995-06-03,5,291,54.0,1990s
Waterfalls,TLC,1995-07-08,7,279,31.0,1990s
Kiss From a Rose,Seal,1995-08-26,1,214,68.0,1990s
You Are Not Alone,Michael Jackson,1995-09-02,1,346,64.0,1990s
Gangsta's Paradise,Coolio ft. LV,1995-09-09,3,240,7.0,1990s
Fantasy,Mariah Carey,1995-09-30,8,243,14.0,1990s
Exhale (Shoop Shoop),Whitney Houston,1995-11-25,1,204,40.0,1990s
One Sweet Day,Mariah Carey & Boyz II Men,1995-12-02,16,281,35.0,1990s
Because You Loved Me,Céline Dion,1996-03-23,6,274,31.0,1990s
Always Be My Baby,Mariah Carey,1996-05-04,2,258,46.0,1990s
Tha Crossroads,Bone Thugs-N-Harmony,1996-05-18,8,223,9.0,1990s
How Do U Want It,2Pac ft. K-Ci & Jojo,1996-07-13,2,239,2.0,1990s
You're Makin' Me High,Toni Braxton,1996-07-27,1,246,1.0,1990s
Macarena (Bayside Boys Mix),Los del Río,1996-08-03,14,251,24.0,1990s
No Diggity,BLACKstreet ft. Dr. Dre,1996-11-09,4,306,42.0,1990s
Un-Break My Heart,Toni Braxton,1996-12-07,11,270,41.0,1990s
Wannabe,Spice Girls,1997-02-22,4,173,10.0,1990s
Can't Nobody Hold Me Down,Puff Daddy ft. Mase,1997-03-22,6,231,10.0,1990s
Hypnotize,The Notorious B.I.G.,1997-05-03,3,230,18.0,1990s
MMMBop,Hanson,1997-05-24,3,238,0.0,1990s
I'll Be Missing You,"Puff Daddy, Faith Evans, & 112",1997-06-14,11,300,5.0,1990s
Mo Money Mo Problems,The Notorious B.I.G. ft. Puff Daddy & Mase,1997-08-30,2,257,1.0,1990s
Honey,Mariah Carey,1997-09-13,3,299,12.0,1990s
4 Seasons of Loneliness,Boyz II Men,1997-10-04,1,292,82.0,1990s
Candle in the Wind 1997,Elton John,1997-10-11,14,250,98.0,1990s
Truly Madly Deeply,Savage Garden,1998-01-17,2,277,40.0,1990s
Together Again,Janet Jackson,1998-01-31,2,301,8.0,1990s
Nice & Slow,Usher,1998-02-14,2,227,15.0,1990s
My Heart Will Go On,Céline Dion,1998-02-28,2,280,73.0,1990s
Gettin' Jiggy wit It,Will Smith,1998-03-14,3,227,2.0,1990s
All My Life,K-Ci & JoJo,1998-04-04,3,221,6.0,1990s
Too Close,Next,1998-04-25,5,259,1.0,1990s
My All,Mariah Carey,1998-05-23,1,230,73.0,1990s
The Boy is Mine,Brandy & Monica,1998-06-06,13,240,25.0,1990s
I Don't Want to Miss a Thing,Aerosmith,1998-09-05,4,298,17.0,1990s
The First Night,Monica,1998-10-03,5,235,14.0,1990s
One Week,Barenaked Ladies,1998-10-17,1,229,1.0,1990s
Doo Wop (That Thing),Lauryn Hill,1998-11-14,2,240,1.0,1990s
Lately,Divine,1998-11-28,1,268,,1990s
I'm Your Angel,R. Kelly & Céline Dion,1998-12-05,6,332,67.0,1990s
Have You Ever?,Brandy,1999-01-16,2,273,54.0,1990s
…Baby One More Time,Britney Spears,1999-01-30,2,211,20.0,1990s
Angel of Mine,Monica,1999-02-13,4,250,0.0,1990s
Believe,Cher,1999-03-13,4,239,1.0,1990s
No Scrubs,TLC,1999-04-10,4,214,3.0,1990s
Livin' la Vida Loca,Ricky Martin,1999-05-08,5,243,0.0,1990s
If You Had My Love,Jennifer Lopez,1999-06-12,5,266,6.0,1990s
"Bills, Bills, Bills",Destiny's Child,1999-07-17,1,256,14.0,1990s
Wild Wild West,Will Smith ft. Dru Hill & Kool Moe Dee,1999-07-24,1,245,6.0,1990s
Genie in a Bottle,Christina Aguilera,1999-07-31,5,217,21.0,1990s
Bailamos,Enrique Iglesias,1999-09-04,2,214,5.0,1990s
Unpretty,TLC,1999-09-18,3,240,0.0,1990s
Heartbreaker,Mariah Carey ft. Jay-Z,1999-10-09,2,285,38.0,1990s
Smooth,Santana ft. Rob Thomas,1999-10-23,12,241,18.0,1990s
What a Girl Wants,Christina Aguilera,2000-01-15,2,215,7.0,2000s
I Knew I Loved You,Savage Garden,2000-01-29,4,250,32.0,2000s
Thank God I Found You,Mariah Carey ft. Joe & 98 Degrees,2000-02-19,1,257,59.0,2000s
Amazed,Lonestar,2000-03-04,2,239,25.0,2000s
Say My Name,Destiny's Child,2000-03-18,3,240,29.0,2000s
Maria Maria,Santana ft. The Product G&B,2000-04-08,10,261,4.0,2000s
Try Again,Aaliyah,2000-06-17,1,287,9.0,2000s
Be with You,Enrique Iglesias,2000-06-24,3,220,4.0,2000s
Everything You Want,Vertical Horizon,2000-07-15,1,257,5.0,2000s
Bent,Matchbox Twenty,2000-07-22,1,256,4.0,2000s
It's Gonna Be Me,NSYNC,2000-07-29,2,192,4.0,2000s
Incomplete,Sisqó,2000-08-12,2,274,28.0,2000s
Doesn't Really Matter,Janet Jackson,2000-08-26,3,297,10.0,2000s
Music,Madonna,2000-09-16,4,225,0.0,2000s
Come On Over Baby (All I Want Is You),Christina Aguilera,2000-10-14,4,203,23.0,2000s
With Arms Wide Open,Christina Aguilera,2000-11-11,1,273,0.0,2000s
"Independent Women, Part 1",Destiny's Child,2000-11-18,11,216,35.0,2000s
It Wasn't Me,"Shaggy ft. Ricardo ""RikRok"" Ducent",2001-02-03,2,227,6.0,2000s
Ms. Jackson,Outkast,2001-02-17,1,238,19.0,2000s
Stutter,Joe ft. Mystikal,2001-02-24,4,213,5.0,2000s
Butterfly,Crazy Town,2001-03-24,2,215,1.0,2000s
Angel,Shaggy ft. Rayvon,2001-03-31,1,235,13.0,2000s
All for You,Janet Jackson,2001-04-14,7,272,1.0,2000s
Lady Marmalade,"Christina Aguilera, Lil' Kim, Mýa, & Pink",2001-06-02,5,264,1.0,2000s
U Remind Me,Usher,2001-07-07,4,266,19.0,2000s
Bootylicious,Destiny's Child,2001-08-04,2,207,0.0,2000s
Fallin',Alicia Keys,2001-08-18,6,195,26.0,2000s
I'm Real (Murder Remix),Jennifer Lopez ft. Ja Rule,2001-09-08,5,266,27.0,2000s
Family Affair,Mary J. Blige,2001-11-03,6,244,15.0,2000s
U Got It Bad,Usher,2001-12-15,6,247,2.0,2000s
How You Remind Me,Nickelback,2001-12-22,4,223,0.0,2000s
Always on Time,Ja Rule ft. Ashanti,2002-02-23,2,245,21.0,2000s
Ain't it Funny (Murder Remix),Jennifer Lopez ft. Ja Rule & Caddillac Tah,2002-03-09,6,231,38.0,2000s
Foolish,Ashanti,2002-04-20,10,227,35.0,2000s
Hot in Herre,Nelly,2002-06-29,7,228,21.0,2000s
Dilemma,Nelly ft. Kelly Rowland,2002-08-17,10,289,23.0,2000s
A Moment Like This,Kelly Clarkson,2002-10-05,2,228,16.0,2000s
Lose Yourself,Eminem,2002-11-09,12,321,1.0,2000s
"Bump, Bump, Bump",B2K ft. P. Diddy,2003-02-01,1,282,10.0,2000s
All I Have,Jennifer Lopez ft. LL Cool J,2003-02-08,4,254,27.0,2000s
In da Club,50 Cent,2003-03-08,9,193,26.0,2000s
Get Busy,Sean Paul,2003-05-10,3,211,62.0,2000s
21 Questions,50 Cent ft. Nate Dogg,2003-05-31,4,224,35.0,2000s
This is the Night,Clay Aiken,2003-06-28,2,212,15.0,2000s
Crazy in Love,Beyoncé ft. Jay-Z,2003-07-12,8,236,0.0,2000s
Shake Ya Tailfeather,"Nelly, P. Diddy, & Murphy Lee",2003-09-06,4,295,13.0,2000s
Baby Boy,Beyoncé ft. Sean Paul,2003-10-04,9,244,8.0,2000s
Stand Up,Ludacris ft. Shawnna,2003-12-06,1,213,37.0,2000s
Hey Ya!,Outkast,2003-12-13,9,235,10.0,2000s
The Way You Move,Outkast ft. Sleepy Brown,2004-02-14,1,234,13.0,2000s
Slow Jamz,Twista ft. Kanye West & Jamie Foxx,2004-02-21,1,212,37.0,2000s
Yeah!,Usher ft. Lil Jon & Ludacris,2004-02-28,12,250,2.0,2000s
Burn,Usher,2004-05-22,8,256,31.0,2000s
I Believe,Fantasia,2004-07-10,1,300,0.0,2000s
Confession Part II,Usher,2004-07-24,2,211,6.0,2000s
Slow Motion,Juvenile ft. Soulja Slim,2004-08-07,2,248,55.0,2000s
Lean Back,Terror Squad,2004-08-21,3,247,11.0,2000s
Goodies,Ciara ft. Petey Pablo,2004-09-11,7,223,3.0,2000s
My Boo,Usher & Alicia Keys,2004-10-30,6,223,26.0,2000s
Drop It Like It's Hot,Snoop Dogg ft. Pharrell Williams,2004-12-11,3,269,17.0,2000s
Let Me Love You,Mario,2005-01-01,9,256,24.0,2000s
Candy Shop,50 Cent ft. Olivia,2005-03-05,9,219,3.0,2000s
Hollaback Girl,Gwen Stefani,2005-05-07,4,199,35.0,2000s
We Belong Together,Mariah Carey,2005-06-04,14,201,3.0,2000s
Inside Your Heaven,Carrie Underwood,2005-07-02,1,225,11.0,2000s
Gold Digger,Kanye West ft. Jamie Foxx,2005-09-17,10,197,2.0,2000s
Run It!,Chris Brown ft. Juelz Santana,2005-11-26,5,229,2.0,2000s
Don't Forget About Us,Mariah Carey,2005-12-31,2,233,5.0,2000s
Laffy Taffy,D4L,2006-01-14,1,224,4.0,2000s
Grillz,"Nelly ft. Paul Wall, Ali & Gipp",2006-01-21,2,271,4.0,2000s
Check on It,Beyoncé ft. Bun B & Slim Thug,2006-02-04,5,210,7.0,2000s
You're Beautiful,James Blunt,2006-03-11,1,209,63.0,2000s
So Sick,Ne-Yo,2006-03-18,2,197,25.0,2000s
Temperature,Sean Paul,2006-04-01,1,218,11.0,2000s
Bad Day,Daniel Powter,2006-04-08,5,233,45.0,2000s
SOS,Rihanna,2006-05-13,3,238,0.0,2000s
Ridin',Chamillionaire ft. Krayzie Bone,2006-06-03,2,303,19.0,2000s
Hips Don't Lie,Shakira ft. Wyclef Jean,2006-06-17,2,218,28.0,2000s
Do I Make You Proud,Taylor Hicks,2006-07-01,1,248,3.0,2000s
Promiscuous,Nelly Furtado ft. Timbaland,2006-07-08,6,242,6.0,2000s
London Bridge,Fergie,2006-08-19,3,202,22.0,2000s
SexyBack,Justin Timberlake,2006-09-09,7,242,6.0,2000s
Money Maker,Ludacris ft. Pharrell Williams,2006-10-28,2,230,15.0,2000s
My Love,Justin Timberlake ft. T.I.,2006-11-11,3,281,27.0,2000s
I Wanna Love You,Akon ft. Snoop Dogg,2006-12-02,2,247,4.0,2000s
Irreplaceable,Beyoncé,2006-12-16,10,227,3.0,2000s
Say It Right,Nelly Furtado,2007-02-24,1,223,5.0,2000s
What Goes Around … Comes Around,Justin Timberlake,2007-03-03,1,313,15.0,2000s
This Is Why I'm Hot,MiMS,2007-03-10,2,259,28.0,2000s
Glamorous,Fergie ft. Ludacris,2007-03-24,2,246,29.0,2000s
Don't Matter,Akon,2007-04-07,2,249,26.0,2000s
Give It To Me,Timbaland ft. Nelly Furtado & Justin Timberlake,2007-04-21,2,236,17.0,2000s
Girlfriend,Avril Lavigne,2007-05-05,1,216,0.0,2000s
Makes Me Wonder,Maroon 5,2007-05-12,3,211,0.0,2000s
Buy U a Drank (Shawty Snappin'),T-Pain ft. Yung Joc,2007-05-26,1,227,1.0,2000s
Umbrella,Rihanna ft. Jay-Z,2007-06-09,7,275,1.0,2000s
Hey There Delilah,Plain White-T's,2007-07-28,2,232,89.0,2000s
Beautiful Girls,Sean Kingston,2007-08-11,4,225,17.0,2000s
Big Girls Don't Cry,Fergie,2007-09-08,1,268,21.0,2000s
Crank That (Soulja Boy),Soulja Boy Tell 'Em,2007-09-15,7,221,52.0,2000s
Stronger,Kanye West,2007-09-29,1,311,1.0,2000s
Kiss Kiss,Chris Brown ft. T-Pain,2007-11-10,3,250,5.0,2000s
No One,Alicia Keys,2007-12-01,5,253,2.0,2000s
Low,Flo Rida ft. T-Pain,2008-01-05,10,231,9.0,2000s
Love in This Club,Usher ft. Young Jeezy,2008-03-15,3,259,6.0,2000s
Bleeding Love,Leona Lewis,2008-04-05,4,261,19.0,2000s
Touch My Body,Mariah Carey,2008-04-12,2,204,10.0,2000s
Lollipop,Lil Wayne ft. Static Major,2008-05-03,5,299,6.0,2000s
Take a Bow,Rihanna,2008-05-24,1,229,25.0,2000s
Viva La Vida,Coldplay,2008-06-28,1,242,10.0,2000s
I Kissed a Girl,Katy Perry,2008-07-05,7,179,0.0,2000s
Disturbia,Rihanna,2008-08-23,2,238,9.0,2000s
Whatever You Like,T.I.,2008-09-06,7,249,2.0,2000s
So What,P!nk,2008-09-27,1,215,0.0,2000s
Live Your Life,T.I. ft. Rihanna,2008-10-18,6,338,7.0,2000s
Womanizer,Britney Spears,2008-10-25,1,224,7.0,2000s
Single Ladies (Put a Ring on It),Beyoncé,2008-12-13,4,193,4.0,2000s
Just Dance,Lady Gaga ft. Colby O'Donis,2009-01-17,3,241,3.0,2000s
My Life Would Suck Without You,Kelly Clarkson,2009-02-17,2,211,0.0,2000s
Crack a Bottle,"Eminem, Dr. Dre, & 50 Cent",2009-02-21,1,297,9.0,2000s
Right Round,Flo Rida,2009-02-28,6,204,1.0,2000s
Poker Face,Lady Gaga,2009-04-11,1,237,12.0,2000s
Boom Boom Pow,The Black Eyed Peas,2009-04-18,12,252,12.0,2000s
I Gotta Feeling,The Black Eyed Peas,2009-07-11,14,289,9.0,2000s
Down,Jay Sean ft. Lil Wayne,2009-10-17,2,212,1.0,2000s
3.0,Britney Spears,2009-10-24,1,205,5.0,2000s
Fireflies,Owl City,2009-11-07,2,228,3.0,2000s
Whatcha Say,Jason Derulo,2009-11-14,1,221,4.0,2000s
Empire State of Mind,Jay-Z & Alicia Keys,2009-11-28,5,276,3.0,2000s
Tik Tok,Kesha,2010-01-02,9,299,10.0,2010s
Imma Be,The Black Eyed Peas,2010-03-06,2,257,18.0,2010s
Break Your Heart,Taio Cruz ft. Ludacris,2010-03-20,1,186,0.0,2010s
Rude Boy,Rihanna,2010-03-27,5,222,12.0,2010s
Nothin' On You,B.o.B. ft. Bruno Mars,2010-05-01,2,268,39.0,2010s
OMG,Usher ft. will.i.am,2010-05-15,4,269,20.0,2010s
Not Afraid,Eminem,2010-05-22,1,248,53.0,2010s
California Gurls,Katy Perry ft. Snoop Dogg,2010-06-19,6,236,0.0,2010s
Love the Way You Lie,Eminem ft. Rihanna,2010-07-31,7,263,24.0,2010s
Teenage Dream,Katy Perry,2010-09-18,2,227,2.0,2010s
Just the Way You Are,Bruno Mars,2010-10-02,4,220,2.0,2010s
Like a G6,Far East Movement ft. The Cataracs & Dev,2010-10-30,3,206,1.0,2010s
We R Who We R,Kesha,2010-11-13,1,204,1.0,2010s
What's My Name?,Rihanna ft. Drake,2010-11-20,1,263,18.0,2010s
Only Girl (In the World),Rihanna,2010-12-04,1,235,11.0,2010s
Raise Your Glass,P!nk,2010-12-11,1,202,0.0,2010s
Firework,Katy Perry,2010-12-18,4,227,14.0,2010s
Grenade,Bruno Mars,2011-01-08,4,223,15.0,2010s
Hold It Against Me,Britney Spears,2011-01-29,1,228,1.0,2010s
Black and Yellow,Wiz Khalifa,2011-02-19,1,207,6.0,2010s
Born This Way,Lady Gaga,2011-02-26,6,260,0.0,2010s
E.T.,Katy Perry ft. Kanye West,2011-04-09,5,229,2.0,2010s
S&M,Rihanna ft. Britney Spears,2011-04-30,1,257,5.0,2010s
Rolling in the Deep,Adele,2011-05-21,7,228,14.0,2010s
Give Me Everything,"Pitbull ft. Ne-Yo, Afrojack, & Nayer",2011-07-08,1,252,19.0,2010s
Party Rock Anthem,LMFAO ft. Lauren Bennett & GoonRock,2011-07-16,6,266,2.0,2010s
Last Friday Night (T.G.I.F.),Katy Perry,2011-08-27,2,230,0.0,2010s
Moves Like Jagger,Maroon 5 ft. Christina Aguilera,2011-09-10,4,201,1.0,2010s
Someone Like You,Adele,2011-09-17,5,285,89.0,2010s
We Found Love,Rihanna ft. Calvin Harris,2011-11-12,10,215,3.0,2010s
Sexy and I Know It,LMFAO,2012-01-07,2,199,10.0,2010s
Set Fire to the Rain,Adele,2012-02-04,2,242,0.0,2010s
Stronger (What Doesn't Kill You),Kelly Clarkson,2012-02-18,3,221,5.0,2010s
Part of Me,Katy Perry,2012-03-03,1,216,0.0,2010s
We Are Young,fun. ft. Janelle Monáe,2012-03-17,6,250,2.0,2010s
Somebody That I Used to Know,Gotye ft. Kimbra,2012-04-28,8,244,59.0,2010s
Call Me Maybe,Carly Rae Jepsen,2012-06-23,9,193,1.0,2010s
Whistle,Flo Rida,2012-08-25,2,224,2.0,2010s
We Are Never Ever Getting Back Together,Taylor Swift,2012-09-01,3,191,1.0,2010s
One More Night,Maroon 5,2012-09-29,9,209,4.0,2010s
Diamonds,Rihanna,2012-12-01,3,225,0.0,2010s
Locked Out of Heaven,Bruno Mars,2012-12-22,6,233,5.0,2010s
Thrift Shop,Macklemore & Ryan Lewis ft. Wanz,2013-02-02,6,235,6.0,2010s
Harlem Shake,Baauer,2013-03-02,5,196,1.0,2010s
When I Was Your Man,Bruno Mars,2013-04-20,1,213,93.0,2010s
Just Give Me a Reason,P!nk ft. Nate Ruess,2013-04-27,3,242,35.0,2010s
Can't Hold Us,Macklemore & Ryan Lewis ft. Ray Dalton,2013-05-18,5,258,3.0,2010s
Blurred Lines,Robin Thicke ft. T.I. & Pharrell Williiams,2013-06-22,12,263,0.0,2010s
Roar,Katy Perry,2013-09-14,2,223,0.0,2010s
Wrecking Ball,Miley Cyrus,2013-09-28,3,221,41.0,2010s
Royals,Lorde,2013-10-12,9,190,12.0,2010s
The Monster,Eminem ft. Rihanna,2013-12-21,4,250,5.0,2010s
Timber,Pitbull ft. Kesha,2014-01-18,3,204,3.0,2010s
Dark Horse,Katy Perry ft. Juicy J,2014-02-08,4,215,0.0,2010s
Happy,Pharrell Williams,2014-03-08,10,232,22.0,2010s
All of Me,John Legend,2014-05-17,3,269,92.0,2010s
Fancy,Iggy Azalea ft. Charli XCX,2014-06-07,7,199,9.0,2010s
Rude,MAGIC!,2014-07-26,6,224,4.0,2010s
Shake It Off,Taylor Swift,2014-09-06,4,209,6.0,2010s
All About that Bass,Meghan Trainor,2014-09-20,8,187,6.0,2010s
Blank Space,Taylor Swift,2014-11-29,7,231,9.0,2010s
Uptown Funk,Mark Ronson ft. Bruno Mars,2015-01-17,14,269,1.0,2010s
See You Again,Wiz Khalifa ft. Charlie Puth,2015-04-25,12,229,37.0,2010s
Bad Blood,Taylor Swift ft. Kendrick Lamar,2015-06-06,1,200,3.0,2010s
Cheerleader,OMI,2015-07-25,6,180,14.0,2010s
Can't Feel My Face,The Weeknd,2015-08-22,3,213,11.0,2010s
What Do You Mean?,Justin Bieber,2015-09-19,1,205,59.0,2010s
The Hills,The Weeknd,2015-10-03,6,242,7.0,2010s
Hello,Adele,2015-11-14,10,295,33.0,2010s
Sorry,Justin Bieber,2016-01-23,3,200,8.0,2010s
Love Yourself,Justin Bieber,2016-02-13,2,233,84.0,2010s
PILLOWTALK,Zayn,2016-02-20,1,202,12.0,2010s
Work,Rihanna ft. Drake,2016-03-05,9,219,8.0,2010s
Panda,Desiigner,2016-05-07,2,247,3.0,2010s
One Dance,Drake ft. Wizkid & Kyla,2016-05-21,10,173,1.0,2010s
CAN'T STOP THE FEELING!,Justin Timberlake,2016-05-28,1,237,1.0,2010s
Cheap Thrills,Sia ft. Sean Paul,2016-08-06,4,224,6.0,2010s
Closer,The Chainsmokers ft. Halsey,2016-09-03,12,244,41.0,2010s
Black Beatles,Rae Sremmurd ft. Gucci Mane,2016-11-26,7,291,12.0,2010s
Starboy,The Weeknd ft. Daft Punk,2017-01-07,1,230,14.0,2010s
Bad and Boujee,Migos ft. Lil Uzi Vert,2017-01-21,3,343,6.0,2010s
Shape of You,Ed Sheeran,2017-01-28,12,233,58.0,2010s
HUMBLE.,Kendrick Lamar,2017-05-06,1,177,0.0,2010s
That's What I Like,Bruno Mars,2017-05-13,1,206,1.0,2010s
I'm the One,"DJ Khaled ft. Justin Bieber, Quavo, Chance the Rapper, & Lil Wayne",2017-05-20,1,288,5.0,2010s
Despacito,Luis Fonsi & Daddy Yankee ft. Justin Bieber,2017-05-27,16,228,23.0,2010s
Look What You Made Me Do,Taylor Swift,2017-09-16,3,211,20.0,2010s
Bodak Yellow,Cardi B,2017-10-07,3,223,7.0,2010s
rockstar,Post Malone ft. 21 Savage,2017-10-28,8,218,12.0,2010s
Perfect,Ed Sheeran & Beyoncé,2017-12-23,6,269,78.0,2010s
Havana,Camila Cabello ft. Young Thug,2018-01-27,1,217,18.0,2010s
God's Plan,Drake,2018-02-03,11,198,3.0,2010s
Nice For What,Drake,2018-04-21,8,210,9.0,2010s
This is America,Childish Gambino,2018-05-19,2,225,12.0,2010s
Psycho,Post Malone ft. Ty Dolla $ign,2018-06-16,1,221,55.0,2010s
SAD!,XXXTENTACION,2018-06-30,1,166,26.0,2010s
I Like It,"Cardi B, Bad Bunny, & J Balvin",2018-07-07,1,253,10.0,2010s
In My Feelings,Drake,2018-07-21,10,217,6.0,2010s
Girls Like You,Maroon 5 ft. Cardi B,2018-09-29,7,235,57.0,2010s
"thank u, next",Ariana Grande,2018-11-17,7,207,23.0,2010s
SICKO MODE,Travis Scott,2018-12-08,1,312,1.0,2010s
Without Me,Halsey,2019-01-12,2,201,30.0,2010s
Sunflower,Post Malone & Swae Lee,2019-01-19,1,158,91.0,2010s
7 rings,Ariana Grande,2019-02-02,8,178,59.0,2010s
Shallow,Lady Gaga & Bradley Cooper,2019-03-09,1,217,42.0,2010s
Sucker,Jonas Brothers,2019-03-16,1,181,4.0,2010s
Old Town Road,Lil Nas X ft. Billy Ray Cyrus,2019-04-13,19,157,5.0,2010s
bad guy,Billie Eilish,2019-08-24,1,194,33.0,2010s
Señorita,Shawn Mendes & Camila Cabello,2019-08-31,1,190,4.0,2010s
Truth Hurts,Lizzo,2019-09-07,7,173,11.0,2010s
HIGHEST IN THE ROOM,Travis Scott,2019-10-19,1,175,5.0,2010s
Someone You Loved,Lewis Capaldi,2019-11-02,3,182,75.0,2010s
Lose You to Love Me,Selena Gomez,2019-11-09,1,206,56.0,2010s
Circles,Post Malone,2019-11-30,3,215,19.0,2010s
Heartless,The Weeknd,2019-12-14,1,198,2.0,2010s
All I Want for Christmas is You,Mariah Carey,2019-12-21,8,241,16.0,2010s
The Box,Roddy Ricch,2020-01-18,11,196,10.0,2020s
Blinding Lights,The Weeknd,2020-04-04,4,200,0.0,2020s
Toosie Slide,Drake,2020-04-18,1,247,32.0,2020s
THE SCOTTS,Travis Scott & Kid Cudi,2020-05-09,1,165,23.0,2020s
Say So,Doja Cat ft. Nicki Minaj,2020-05-16,1,206,12.0,2020s
Stuck With U,Ariana Grande & Justin Bieber,2020-05-23,1,228,22.0,2020s
Savage,Megan Thee Stallion ft. Beyoncé,2020-05-30,1,242,2.0,2020s
Rain on Me,Lady Gaga & Ariana Grande,2020-06-06,1,182,2.0,2020s
ROCKSTAR,DaBaby ft. Roddy Ricch,2020-06-13,7,181,25.0,2020s
TROLLZ,6ix9ine & Nicki Minaj,2020-06-27,1,202,3.0,2020s
cardigan,Taylor Swift,2020-08-08,1,239,54.0,2020s
Watermelon Sugar,Harry Styles,2020-08-15,1,176,12.0,2020s
WAP,Cardi B ft. Megan Thee Stallion,2020-08-22,4,187,2.0,2020s
Dynamite,BTS,2020-09-05,3,199,1.0,2020s
FRANCHISE,Travis Scott ft. Young Thug & M.I.A.,2020-10-10,1,202,1.0,2020s
Savage Love (Laxed - Siren Beat),"Jawsh 685, Jason Derulo, & BTS",2020-10-17,1,185,16.0,2020s
Mood,24kGoldn ft. iann dior,2020-10-24,8,140,17.0,2020s
positions,Ariana Grande,2020-11-07,1,172,47.0,2020s
Life Goes On,BTS,2020-12-05,1,207,1.0,2020s
willow,Taylor Swift,2020-12-26,1,214,83.0,2020s
drivers license,Olivia Rodrigo,2021-01-23,8,242,77.0,2020s
What's Next,Drake,2021-03-20,1,178,1.0,2020s
Up,Cardi B,2021-03-27,1,156,0.0,2020s
Peaches,Justin Bieber ft. Daniel Caeser & Giveon,2021-04-03,1,198,32.0,2020s
MONTERO (Call Me By Your Name),Lil Nas X,2021-04-10,1,137,30.0,2020s
Leave the Door Open,Silk Sonic,2021-04-17,2,242,18.0,2020s
RAPSTAR,Polo G,2021-04-24,2,165,41.0,2020s
Save Your Tears,The Weeknd & Ariana Grande,2021-05-08,2,191,2.0,2020s
good 4 u,Olivia Rodrigo,2021-05-29,1,178,34.0,2020s
Butter,BTS,2021-06-05,10,164,0.0,2020s
Permission to Dance,BTS,2021-07-24,1,187,1.0,2020s
STAY,The Kid Laroi & Justin Bieber,2021-08-14,7,141,4.0,2020s
Way 2 Sexy,Drake ft. Future & Young Thug,2021-09-18,1,257,0.0,2020s
My Universe,Coldplay & BTS,2021-10-09,1,228,1.0,2020s
INDUSTRY BABY,Lil Nas X & Jack Harlow,2021-10-23,1,212,2.0,2020s
Easy on Me,Adele,2021-10-30,10,224,58.0,2020s
All Too Well (10 Minute Version),Taylor Swift,2021-11-27,1,613,27.0,2020s
We Don't Talk About Bruno,"Carolina Gaitán, Mauro Castillo, Adassa, Rhenzy Feliz, Diane Guerrero, Stephanie Beatriz, and the Encanto cast",2022-02-05,5,216,36.0,2020s
Heat Waves,Glass Animals,2022-03-12,5,238,44.0,2020s
As It Was,Harry Styles,2022-04-16,15,167,34.0,2020s
First Class,Jack Harlow,2022-04-23,3,173,3.0,2020s
WAIT 4 U,Future ft. Drake & Tems,2022-05-14,1,189,31.0,2020s
Jimmy Cooks,Drake ft. 21 Savage,2022-07-02,1,218,0.0,2020s
About Damn Time,Lizzo,2022-07-30,2,191,10.0,2020s
BREAK MY SOUL,Beyoncé,2022-08-13,2,278,6.0,2020s
Super Freaky Girl,Nicki Minaj,2022-08-27,1,170,6.0,2020s
Bad Habit,Steve Lacy,2022-10-08,3,232,63.0,2020s
Unholy,Sam Smith & Kim Petras,2022-10-29,1,156,1.0,2020s
Anti-Hero,Taylor Swift,2022-11-05,8,200,12.0,2020s
Flowers,Miley Cyrus,2023-01-28,8,200,6.0,2020s
Die for You,The Weeknd & Ariana Grande,2023-03-11,1,232,27.0,2020s
Last Night,Morgan Wallen,2023-03-18,16,163,41.0,2020s
Like Crazy,Jimin,2023-04-08,1,212,0.0,2020s
Kill Bill,SZA,2023-04-29,1,153,5.0,2020s
vampire,Olivia Rodrigo,2023-07-15,2,291,15.0,2020s
Seven,Jungkook ft. Latto,2023-07-29,1,184,30.0,2020s
Try That in a Small Town,Jason Aldean,2023-08-05,1,180,5.0,2020s
Rich Men North of Richmond,Oliver Anthony Music,2023-08-26,2,187,75.0,2020s
I Remember Everything,Zach Bryan ft. Kacey Musgraves,2023-09-09,1,227,55.0,2020s
Paint the Town Red,Doja Cat,2023-09-16,3,231,27.0,2020s
Slime You Out,Drake ft. SZA,2023-09-30,1,310,51.0,2020s
First Person Shooter,Drake ft. J Cole,2023-10-21,1,247,3.0,2020s
Cruel Summer,Taylor Swift,2023-10-28,4,178,12.0,2020s
Is It Over Now?,Taylor Swift,2023-11-11,1,229,5.0,2020s
Lovin On Me,Jack Harlow,2023-12-02,6,138,0.0,2020s
Rockin' Around the Christmas Tree,Brenda Lee,2023-12-09,3,126,62.0,2020s
"yes, and?",Ariana Grande,2024-01-27,1,214,19.0,2020s
HISS,Megan Thee Stallion,2024-02-10,1,192,8.0,2020s
TEXAS HOLD 'EM,Beyoncé,2024-03-02,2,233,57.0,2020s
CARNIVAL,Kanye West & Ty Dolla $ign ft. Rich the Kid & Playboi Cardi,2024-03-16,1,264,91.0,2020s
we can't be friends (wait for your love),Ariana Grande,2024-03-23,1,228,6.0,2020s
Lose Control,Teddy Swims,2024-03-30,1,210,20.0,2020s
Like That,"Future, Metro Boomin, & Kendrick Lamar",2024-04-06,3,267,1.0,2020s
Too Sweet,Hozier,2024-04-27,1,251,3.0,2020s
Fortnight,Taylor Swift ft. Post Malone,2024-05-04,2,228,50.0,2020s
Not Like Us,Kendrick Lamar,2024-05-18,2,234,1.0,2020s
I Had Some Help,Post Malone ft. Morgan Wallen,2024-05-25,6,178,1.0,2020s
Please Please Please,Sabrina Carpenter,2024-06-29,1,186,27.0,2020s
A Bar Song (Tipsy),Shaboozey,2024-07-13,19,171,6.0,2020s
Love Somebody,Morgan Wallen,2024-11-02,1,204,1.0,2020s
squabble up,Kendrick Lamar,2024-12-07,1,157,2.0,2020s
Die with a Smile,Bruno Mars & Lady Gaga,2025-01-11,2,251,31.0,2020s
